Timestamp,Velocity(m/s),Voltage(V),Current(A),Power(W),TargetSpeed(m/s)
2026-07-04 00:15:35,0.171,12.587,32.23,405.679,0
2026-07-04 00:15:35,0.171,12.587,32.23,405.679,0
2026-07-04 00:15:35,0.171,12.587,32.23,405.679,0
2026-07-04 00:15:35,0.208,12.587,26.0,327.262,0
2026-07-04 00:15:35,0.208,12.587,26.0,327.262,0
2026-07-04 00:15:36,0.26,12.587,30.07,378.491,0
2026-07-04 00:15:36,0.26,12.587,30.07,378.491,0
2026-07-04 00:15:36,0.26,12.587,30.07,378.491,0
2026-07-04 00:15:36,0.243,12.587,27.08,340.856,0
2026-07-04 00:15:36,0.243,12.587,27.08,340.856,0
2026-07-04 00:15:36,0.189,12.587,32.07,403.665,0
2026-07-04 00:15:36,0.189,12.587,32.07,403.665,0
2026-07-04 00:15:36,0.189,12.587,32.07,403.665,0
2026-07-04 00:15:36,0.212,12.587,24.42,307.375,0
2026-07-04 00:15:36,0.212,12.587,24.42,307.375,0
2026-07-04 00:15:37,0.32,12.587,27.5,346.143,0
2026-07-04 00:15:37,0.32,12.587,27.5,346.143,0
2026-07-04 00:15:37,0.32,12.587,27.5,346.143,0
2026-07-04 00:15:37,0.399,12.587,31.57,397.372,0
2026-07-04 00:15:37,0.399,12.587,31.57,397.372,0
2026-07-04 00:15:37,0.418,12.587,28.41,357.597,0
2026-07-04 00:15:37,0.418,12.587,28.41,357.597,0
2026-07-04 00:15:37,0.418,12.587,28.41,357.597,0
2026-07-04 00:15:37,0.391,12.587,28.25,355.583,0
2026-07-04 00:15:38,0.391,12.587,28.25,355.583,0
2026-07-04 00:15:38,0.335,12.587,24.51,308.507,0
2026-07-04 00:15:38,0.335,12.587,24.51,308.507,0
2026-07-04 00:15:38,0.335,12.587,24.51,308.507,0
2026-07-04 00:15:38,0.236,12.587,29.16,367.037,0
2026-07-04 00:15:38,0.236,12.587,29.16,367.037,0
2026-07-04 00:15:38,0.24,12.587,27.5,346.143,0
2026-07-04 00:15:38,0.24,12.587,27.5,346.143,0
2026-07-04 00:15:38,0.24,12.587,27.5,346.143,0
2026-07-04 00:15:38,0.273,12.587,28.66,360.743,0
2026-07-04 00:15:39,0.273,12.587,28.66,360.743,0
2026-07-04 00:15:39,0.184,12.587,27.58,347.149,0
2026-07-04 00:15:39,0.184,12.587,27.58,347.149,0
2026-07-04 00:15:39,0.184,12.587,27.58,347.149,0
2026-07-04 00:15:39,0.105,12.587,27.58,347.149,0
2026-07-04 00:15:39,0.105,12.587,27.58,347.149,0
2026-07-04 00:15:39,0.228,12.587,32.23,405.679,0
2026-07-04 00:15:39,0.228,12.587,32.23,405.679,0
2026-07-04 00:15:39,0.228,12.587,32.23,405.679,0
2026-07-04 00:15:39,0.307,12.587,24.17,304.228,0
2026-07-04 00:15:40,0.307,12.587,24.17,304.228,0
2026-07-04 00:15:40,0.342,12.587,24.84,312.661,0
2026-07-04 00:15:40,0.342,12.587,24.84,312.661,0
2026-07-04 00:15:40,0.342,12.587,24.84,312.661,0
2026-07-04 00:15:40,0.298,12.587,29.33,369.177,0
2026-07-04 00:15:40,0.298,12.587,29.33,369.177,0
2026-07-04 00:15:40,0.202,12.587,27.58,347.149,0
2026-07-04 00:15:40,0.202,12.587,27.58,347.149,0
2026-07-04 00:15:40,0.125,12.587,25.84,325.248,0
2026-07-04 00:15:40,0.125,12.587,25.84,325.248,0
2026-07-04 00:15:41,0.125,12.587,25.84,325.248,0
2026-07-04 00:15:41,0.185,12.587,27.75,349.289,0
2026-07-04 00:15:41,0.185,12.587,27.75,349.289,0
2026-07-04 00:15:41,0.253,12.587,27.5,346.143,0
2026-07-04 00:15:41,0.253,12.587,27.5,346.143,0
2026-07-04 00:15:41,0.253,12.587,27.5,346.143,0
2026-07-04 00:15:41,0.291,12.587,30.49,383.778,0
2026-07-04 00:15:41,0.291,12.587,30.49,383.778,0
2026-07-04 00:15:41,0.299,12.587,27.5,346.143,0
2026-07-04 00:15:41,0.299,12.587,27.5,346.143,0
2026-07-04 00:15:42,0.299,12.587,27.5,346.143,0
2026-07-04 00:15:42,0.255,12.587,30.57,384.785,0
2026-07-04 00:15:42,0.255,12.587,30.57,384.785,0
2026-07-04 00:15:42,0.193,12.587,24.92,313.668,0
2026-07-04 00:15:42,0.193,12.587,24.92,313.668,0
2026-07-04 00:15:42,0.193,12.587,24.92,313.668,0
2026-07-04 00:15:42,0.124,12.587,26.92,338.842,0
2026-07-04 00:15:42,0.124,12.587,26.92,338.842,0
2026-07-04 00:15:42,0.071,12.587,32.4,407.819,0
2026-07-04 00:15:42,0.071,12.587,32.4,407.819,0
2026-07-04 00:15:43,0.071,12.587,32.4,407.819,0
2026-07-04 00:15:43,0.03,12.587,26.75,336.702,0
2026-07-04 00:15:43,0.03,12.587,26.75,336.702,0
2026-07-04 00:15:43,0.049,12.587,27.41,345.01,0
2026-07-04 00:15:43,0.049,12.587,27.41,345.01,0
2026-07-04 00:15:43,0.049,12.587,27.41,345.01,0
2026-07-04 00:15:43,0.085,12.587,26.83,337.709,0
2026-07-04 00:15:43,0.085,12.587,26.83,337.709,0
2026-07-04 00:15:43,0.088,12.587,26.67,335.695,0
2026-07-04 00:15:43,0.088,12.587,26.67,335.695,0
2026-07-04 00:15:44,0.088,12.587,26.67,335.695,0
2026-07-04 00:15:44,0.083,12.587,26.67,335.695,0
2026-07-04 00:15:44,0.083,12.587,26.67,335.695,0
2026-07-04 00:15:44,0.071,12.587,26.5,333.556,0
2026-07-04 00:15:44,0.071,12.587,26.5,333.556,0
2026-07-04 00:15:44,0.071,12.587,26.5,333.556,0
2026-07-04 00:15:44,0.049,12.587,30.24,380.631,0
2026-07-04 00:15:44,0.049,12.587,30.24,380.631,0
2026-07-04 00:15:44,0.044,12.587,26.75,336.702,0
2026-07-04 00:15:44,0.044,12.587,26.75,336.702,0
2026-07-04 00:15:45,0.044,12.587,26.75,336.702,0
2026-07-04 00:15:45,0.071,12.587,28.08,353.443,0
2026-07-04 00:15:45,0.071,12.587,28.08,353.443,0
2026-07-04 00:15:45,0.086,12.587,27.17,341.989,0
2026-07-04 00:15:45,0.086,12.587,27.17,341.989,0
2026-07-04 00:15:45,0.086,12.587,27.17,341.989,0
2026-07-04 00:15:45,0.085,12.587,27.0,339.849,0
2026-07-04 00:15:45,0.085,12.587,27.0,339.849,0
2026-07-04 00:15:45,0.09,12.587,32.65,410.966,0
2026-07-04 00:15:45,0.09,12.587,32.65,410.966,0
2026-07-04 00:15:46,0.09,12.587,32.65,410.966,0
2026-07-04 00:15:46,0.083,12.587,26.25,330.409,0
2026-07-04 00:15:46,0.083,12.587,26.25,330.409,0
2026-07-04 00:15:46,0.062,12.587,31.65,398.379,0
2026-07-04 00:15:46,0.062,12.587,31.65,398.379,0
2026-07-04 00:15:46,0.062,12.587,31.65,398.379,0
2026-07-04 00:15:46,0.045,12.587,26.25,330.409,0
2026-07-04 00:15:46,0.045,12.587,26.25,330.409,0
2026-07-04 00:15:46,0.039,12.587,26.42,332.549,0
2026-07-04 00:15:46,0.039,12.587,26.42,332.549,0
2026-07-04 00:15:47,0.039,12.587,26.42,332.549,0
2026-07-04 00:15:47,0.043,12.587,25.5,320.969,0
2026-07-04 00:15:47,0.043,12.587,25.5,320.969,0
2026-07-04 00:15:47,0.043,12.587,26.0,327.262,0
2026-07-04 00:15:47,0.043,12.587,26.0,327.262,0
2026-07-04 00:15:47,0.042,12.587,28.16,354.45,0
2026-07-04 00:15:47,0.042,12.587,28.16,354.45,0
2026-07-04 00:15:47,0.042,12.587,28.16,354.45,0
2026-07-04 00:15:47,0.043,12.587,26.08,328.269,0
2026-07-04 00:15:47,0.043,12.587,26.08,328.269,0
2026-07-04 00:15:48,0.045,12.587,33.23,418.266,0
2026-07-04 00:15:48,0.045,12.587,33.23,418.266,0
2026-07-04 00:15:48,0.045,12.587,33.23,418.266,0
2026-07-04 00:15:48,0.044,12.587,26.25,330.409,0
2026-07-04 00:15:48,0.044,12.587,26.25,330.409,0
2026-07-04 00:15:48,0.044,12.587,33.23,418.266,0
2026-07-04 00:15:48,0.044,12.587,33.23,418.266,0
2026-07-04 00:15:48,0.044,12.587,33.23,418.266,0
2026-07-04 00:15:48,0.048,12.587,26.5,333.556,0
2026-07-04 00:15:48,0.048,12.587,26.5,333.556,0
2026-07-04 00:15:49,0.055,12.587,26.25,330.409,0
2026-07-04 00:15:49,0.055,12.587,26.25,330.409,0
2026-07-04 00:15:49,0.055,12.587,26.25,330.409,0
2026-07-04 00:15:49,0.06,12.587,32.15,404.672,0
2026-07-04 00:15:49,0.06,12.587,32.15,404.672,0
2026-07-04 00:15:49,0.05,12.587,26.25,330.409,0
2026-07-04 00:15:49,0.05,12.587,26.25,330.409,0
2026-07-04 00:15:49,0.05,12.587,26.25,330.409,0
2026-07-04 00:15:49,0.043,12.587,33.31,419.273,0
2026-07-04 00:15:49,0.043,12.587,33.31,419.273,0
2026-07-04 00:15:50,0.045,12.587,25.84,325.248,0
2026-07-04 00:15:50,0.045,12.587,25.84,325.248,0
2026-07-04 00:15:50,0.045,12.587,25.84,325.248,0
2026-07-04 00:15:50,0.042,12.587,32.65,410.966,0
2026-07-04 00:15:50,0.042,12.587,32.65,410.966,0
2026-07-04 00:15:50,0.038,12.587,25.75,324.115,0
2026-07-04 00:15:50,0.038,12.587,25.75,324.115,0
2026-07-04 00:15:50,0.038,12.587,25.75,324.115,0
2026-07-04 00:15:50,0.036,12.587,30.9,388.938,0
2026-07-04 00:15:50,0.036,12.587,30.9,388.938,0
2026-07-04 00:15:51,0.038,12.587,26.0,327.262,0
2026-07-04 00:15:51,0.038,12.587,26.0,327.262,0
2026-07-04 00:15:51,0.038,12.587,26.0,327.262,0
2026-07-04 00:15:51,0.045,12.587,26.0,327.262,0
2026-07-04 00:15:51,0.045,12.587,26.0,327.262,0
2026-07-04 00:15:51,0.043,12.587,26.17,329.402,0
2026-07-04 00:15:51,0.043,12.587,26.17,329.402,0
2026-07-04 00:15:51,0.043,12.587,26.17,329.402,0
2026-07-04 00:15:51,0.037,12.587,25.92,326.255,0
2026-07-04 00:15:51,0.037,12.587,25.92,326.255,0
2026-07-04 00:15:52,0.04,12.587,29.91,376.477,0
2026-07-04 00:15:52,0.04,12.587,29.91,376.477,0
2026-07-04 00:15:52,0.04,12.587,29.91,376.477,0
2026-07-04 00:15:52,0.044,12.587,25.67,323.108,0
2026-07-04 00:15:52,0.044,12.587,25.67,323.108,0
2026-07-04 00:15:52,0.037,12.587,29.82,375.344,0
2026-07-04 00:15:52,0.037,12.587,29.82,375.344,0
2026-07-04 00:15:52,0.037,12.587,29.82,375.344,0
2026-07-04 00:15:52,0.038,12.587,25.67,323.108,0
2026-07-04 00:15:53,0.038,12.587,25.67,323.108,0
2026-07-04 00:15:53,0.038,12.587,33.56,422.42,0
2026-07-04 00:15:53,0.038,12.587,33.56,422.42,0
2026-07-04 00:15:53,0.038,12.587,33.56,422.42,0
2026-07-04 00:15:53,0.044,12.587,26.33,331.416,0
2026-07-04 00:15:53,0.044,12.587,26.33,331.416,0
2026-07-04 00:15:53,0.044,12.587,27.33,344.003,0
2026-07-04 00:15:53,0.044,12.587,27.33,344.003,0
2026-07-04 00:15:53,0.044,12.587,27.33,344.003,0
2026-07-04 00:15:53,0.032,12.587,26.17,329.402,0
2026-07-04 00:15:54,0.032,12.587,26.17,329.402,0
2026-07-04 00:15:54,0.029,12.587,26.58,334.562,0
2026-07-04 00:15:54,0.029,12.587,26.58,334.562,0
2026-07-04 00:15:54,0.029,12.587,26.58,334.562,0
2026-07-04 00:15:54,0.032,12.587,31.65,398.379,0
2026-07-04 00:15:54,0.032,12.587,31.65,398.379,0
2026-07-04 00:15:54,0.027,12.587,26.08,328.269,0
2026-07-04 00:15:54,0.027,12.587,26.08,328.269,0
2026-07-04 00:15:54,0.025,12.587,31.82,400.518,0
2026-07-04 00:15:54,0.025,12.587,31.82,400.518,0
2026-07-04 00:15:55,0.025,12.587,31.82,400.518,0
2026-07-04 00:15:55,0.03,12.587,25.84,325.248,0
2026-07-04 00:15:55,0.03,12.587,25.84,325.248,0
2026-07-04 00:15:55,0.03,12.587,25.84,325.248,0
2026-07-04 00:15:55,0.033,12.587,31.73,399.386,0
2026-07-04 00:15:55,0.033,12.587,31.73,399.386,0
2026-07-04 00:15:55,0.039,12.587,25.67,323.108,1
2026-07-04 00:15:55,0.039,12.587,25.67,323.108,1
2026-07-04 00:15:55,0.022,12.587,28.91,363.89,1
2026-07-04 00:15:55,0.022,12.587,28.91,363.89,1
2026-07-04 00:15:56,0.022,12.587,28.91,363.89,1
2026-07-04 00:15:56,0.266,12.587,25.92,326.255,1
2026-07-04 00:15:56,0.266,12.587,25.92,326.255,1
2026-07-04 00:15:56,0.616,12.587,26.08,328.269,1
2026-07-04 00:15:56,0.616,12.587,26.08,328.269,1
2026-07-04 00:15:56,0.616,12.587,26.08,328.269,1
2026-07-04 00:15:56,0.812,12.587,26.42,332.549,1
2026-07-04 00:15:56,0.812,12.587,26.42,332.549,1
2026-07-04 00:15:56,0.908,12.587,25.84,325.248,1
2026-07-04 00:15:56,0.908,12.587,25.84,325.248,1
2026-07-04 00:15:57,0.908,12.587,25.84,325.248,1
2026-07-04 00:15:57,0.953,12.587,25.75,324.115,1
2026-07-04 00:15:57,0.953,12.587,25.75,324.115,1
2026-07-04 00:15:57,0.97,12.587,25.75,324.115,1
2026-07-04 00:15:57,0.97,12.587,25.75,324.115,1
2026-07-04 00:15:57,0.97,12.587,25.75,324.115,1
2026-07-04 00:15:57,0.971,12.587,33.65,423.553,1
2026-07-04 00:15:57,0.971,12.587,33.65,423.553,1
2026-07-04 00:15:57,0.966,12.587,25.67,323.108,1
2026-07-04 00:15:57,0.966,12.587,25.67,323.108,1
2026-07-04 00:15:58,0.966,12.587,25.67,323.108,1
2026-07-04 00:15:58,0.959,12.587,33.98,427.706,1
2026-07-04 00:15:58,0.959,12.587,33.98,427.706,1
2026-07-04 00:15:58,0.952,12.587,25.92,326.255,1
2026-07-04 00:15:58,0.952,12.587,25.92,326.255,1
2026-07-04 00:15:58,0.952,12.587,25.92,326.255,1
2026-07-04 00:15:58,0.948,12.587,28.25,355.583,1
2026-07-04 00:15:58,0.948,12.587,28.25,355.583,1
2026-07-04 00:15:58,0.947,12.587,26.25,330.409,1
2026-07-04 00:15:58,0.947,12.587,26.25,330.409,1
2026-07-04 00:15:59,0.947,12.587,26.25,330.409,1
2026-07-04 00:15:59,0.949,12.587,26.42,332.549,1
2026-07-04 00:15:59,0.949,12.587,26.42,332.549,1
2026-07-04 00:15:59,0.952,12.587,31.24,393.218,1
2026-07-04 00:15:59,0.952,12.587,31.24,393.218,1
2026-07-04 00:15:59,0.952,12.587,31.24,393.218,1
2026-07-04 00:15:59,0.956,12.587,25.84,325.248,1
2026-07-04 00:15:59,0.956,12.587,25.84,325.248,1
2026-07-04 00:15:59,0.96,12.587,33.48,421.413,1
2026-07-04 00:15:59,0.96,12.587,33.48,421.413,1
2026-07-04 00:16:00,0.96,12.587,33.48,421.413,1
2026-07-04 00:16:00,0.967,12.587,25.75,324.115,1
2026-07-04 00:16:00,0.967,12.587,25.75,324.115,1
2026-07-04 00:16:00,0.971,12.587,28.74,361.75,1
2026-07-04 00:16:00,0.971,12.587,28.74,361.75,1
2026-07-04 00:16:00,0.971,12.587,28.74,361.75,1
2026-07-04 00:16:00,0.974,12.587,25.67,323.108,1
2026-07-04 00:16:00,0.974,12.587,25.67,323.108,1
2026-07-04 00:16:00,0.977,12.587,26.25,330.409,1
2026-07-04 00:16:00,0.977,12.587,26.25,330.409,1
2026-07-04 00:16:01,0.977,12.587,26.25,330.409,1
2026-07-04 00:16:01,0.978,12.587,25.75,324.115,1
2026-07-04 00:16:01,0.978,12.587,25.75,324.115,1
2026-07-04 00:16:01,0.978,12.587,25.92,326.255,1
2026-07-04 00:16:01,0.978,12.587,25.92,326.255,1
2026-07-04 00:16:01,0.978,12.587,25.92,326.255,1
2026-07-04 00:16:01,0.977,12.587,28.41,357.597,1
2026-07-04 00:16:01,0.977,12.587,28.41,357.597,1
2026-07-04 00:16:01,0.976,12.587,25.67,323.108,1
2026-07-04 00:16:01,0.976,12.587,25.67,323.108,1
2026-07-04 00:16:02,0.976,12.587,32.9,414.112,1
2026-07-04 00:16:02,0.976,12.587,32.9,414.112,1
2026-07-04 00:16:02,0.976,12.587,32.9,414.112,1
2026-07-04 00:16:02,0.975,12.587,25.75,324.115,1
2026-07-04 00:16:02,0.975,12.587,25.75,324.115,1
2026-07-04 00:16:02,0.975,12.587,25.75,324.115,1
2026-07-04 00:16:02,0.974,12.587,30.65,385.792,1
2026-07-04 00:16:02,0.974,12.587,30.65,385.792,1
2026-07-04 00:16:02,0.975,12.587,26.0,327.262,1
2026-07-04 00:16:02,0.975,12.587,26.0,327.262,1
2026-07-04 00:16:03,0.976,12.587,31.9,401.525,1
2026-07-04 00:16:03,0.976,12.587,31.9,401.525,1
2026-07-04 00:16:03,0.976,12.587,31.9,401.525,1
2026-07-04 00:16:03,0.976,12.587,26.0,327.262,1
2026-07-04 00:16:03,0.976,12.587,26.0,327.262,1
2026-07-04 00:16:03,0.976,12.587,26.08,328.269,1
2026-07-04 00:16:03,0.976,12.587,26.08,328.269,1
2026-07-04 00:16:03,0.976,12.587,26.08,328.269,1
2026-07-04 00:16:03,0.975,12.587,34.06,428.713,1
2026-07-04 00:16:03,0.975,12.587,34.06,428.713,1
2026-07-04 00:16:04,0.976,12.587,25.84,325.248,1
2026-07-04 00:16:04,0.976,12.587,25.84,325.248,1
2026-07-04 00:16:04,0.976,12.587,25.84,325.248,1
2026-07-04 00:16:04,0.976,12.587,33.81,425.566,1
2026-07-04 00:16:04,0.976,12.587,33.81,425.566,1
2026-07-04 00:16:04,0.976,12.587,25.75,324.115,1
2026-07-04 00:16:04,0.976,12.587,25.75,324.115,1
2026-07-04 00:16:04,0.976,12.587,25.75,324.115,1
2026-07-04 00:16:04,0.976,12.587,26.67,335.695,1
2026-07-04 00:16:04,0.976,12.587,26.67,335.695,1
2026-07-04 00:16:05,0.978,12.587,25.75,324.115,1
2026-07-04 00:16:05,0.978,12.587,25.75,324.115,1
2026-07-04 00:16:05,0.978,12.587,25.75,324.115,1
2026-07-04 00:16:05,0.979,12.587,26.0,327.262,1
2026-07-04 00:16:05,0.979,12.587,26.0,327.262,1
2026-07-04 00:16:05,0.979,12.587,25.92,326.255,1
2026-07-04 00:16:05,0.979,12.587,25.92,326.255,1
2026-07-04 00:16:05,0.979,12.587,25.92,326.255,1
2026-07-04 00:16:05,0.978,12.587,25.84,325.248,1
2026-07-04 00:16:05,0.978,12.587,25.84,325.248,1
2026-07-04 00:16:06,0.979,12.587,32.73,411.973,1
2026-07-04 00:16:06,0.979,12.587,32.73,411.973,1
2026-07-04 00:16:06,0.979,12.587,32.73,411.973,1
2026-07-04 00:16:06,0.979,12.587,25.75,324.115,1
2026-07-04 00:16:06,0.979,12.587,25.75,324.115,1
2026-07-04 00:16:06,0.979,12.587,33.81,425.566,1
2026-07-04 00:16:06,0.979,12.587,33.81,425.566,1
2026-07-04 00:16:06,0.979,12.587,33.81,425.566,1
2026-07-04 00:16:06,0.979,12.587,26.0,327.262,1
2026-07-04 00:16:07,0.979,12.587,26.0,327.262,1
2026-07-04 00:16:07,0.979,12.587,31.73,399.386,1
2026-07-04 00:16:07,0.979,12.587,31.73,399.386,1
2026-07-04 00:16:07,0.979,12.587,31.73,399.386,1
2026-07-04 00:16:07,0.978,12.587,26.08,328.269,1
2026-07-04 00:16:07,0.978,12.587,26.08,328.269,1
2026-07-04 00:16:07,0.977,12.587,26.17,329.402,1
2026-07-04 00:16:07,0.977,12.587,26.17,329.402,1
2026-07-04 00:16:07,0.977,12.587,26.17,329.402,1
2026-07-04 00:16:07,0.976,12.587,32.98,415.119,1
2026-07-04 00:16:08,0.976,12.587,32.98,415.119,1
2026-07-04 00:16:08,0.975,12.587,25.75,324.115,1
2026-07-04 00:16:08,0.975,12.587,25.75,324.115,1
2026-07-04 00:16:08,0.975,12.587,25.75,324.115,1
2026-07-04 00:16:08,0.975,12.587,33.9,426.699,1
2026-07-04 00:16:08,0.975,12.587,33.9,426.699,1
2026-07-04 00:16:08,0.975,12.587,25.75,324.115,1
2026-07-04 00:16:08,0.975,12.587,25.75,324.115,1
2026-07-04 00:16:08,0.975,12.587,25.75,324.115,1
2026-07-04 00:16:08,0.974,12.587,26.0,327.262,1
2026-07-04 00:16:09,0.974,12.587,26.0,327.262,1
2026-07-04 00:16:09,0.975,12.587,25.75,324.115,1
2026-07-04 00:16:09,0.975,12.587,25.75,324.115,1
2026-07-04 00:16:09,0.975,12.587,25.75,324.115,1
2026-07-04 00:16:09,0.977,12.587,26.0,327.262,1
2026-07-04 00:16:09,0.977,12.587,26.0,327.262,1
2026-07-04 00:16:09,0.978,12.587,25.75,324.115,1
2026-07-04 00:16:09,0.978,12.587,25.75,324.115,1
2026-07-04 00:16:09,0.978,12.587,25.75,324.115,1
2026-07-04 00:16:09,0.978,12.587,25.92,326.255,1
2026-07-04 00:16:10,0.978,12.587,25.92,326.255,1
2026-07-04 00:16:10,0.978,12.587,32.57,409.959,1
2026-07-04 00:16:10,0.978,12.587,32.57,409.959,1
2026-07-04 00:16:10,0.979,12.587,25.75,324.115,1
2026-07-04 00:16:10,0.979,12.587,25.75,324.115,1
2026-07-04 00:16:10,0.979,12.587,25.75,324.115,1
2026-07-04 00:16:10,0.979,12.587,33.4,420.406,1
2026-07-04 00:16:10,0.979,12.587,33.4,420.406,1
2026-07-04 00:16:10,0.978,12.587,25.75,324.115,1
2026-07-04 00:16:10,0.978,12.587,25.75,324.115,1
2026-07-04 00:16:11,0.978,12.587,25.75,324.115,1
2026-07-04 00:16:11,0.977,12.587,30.99,390.071,1
2026-07-04 00:16:11,0.977,12.587,30.99,390.071,1
2026-07-04 00:16:11,0.977,12.587,25.84,325.248,1
2026-07-04 00:16:11,0.977,12.587,25.84,325.248,1
2026-07-04 00:16:11,0.977,12.587,25.84,325.248,1
2026-07-04 00:16:11,0.976,12.587,27.75,349.289,1
2026-07-04 00:16:11,0.976,12.587,27.75,349.289,1
2026-07-04 00:16:11,0.975,12.587,31.65,398.379,1
2026-07-04 00:16:11,0.975,12.587,31.65,398.379,1
2026-07-04 00:16:12,0.975,12.587,31.65,398.379,1
2026-07-04 00:16:12,0.975,12.587,25.84,325.248,1
2026-07-04 00:16:12,0.975,12.587,25.84,325.248,1
2026-07-04 00:16:12,0.974,12.587,32.48,408.826,1
2026-07-04 00:16:12,0.974,12.587,32.48,408.826,1
2026-07-04 00:16:12,0.974,12.587,32.48,408.826,1
2026-07-04 00:16:12,0.975,12.587,25.75,324.115,1
2026-07-04 00:16:12,0.975,12.587,25.75,324.115,1
2026-07-04 00:16:12,0.975,12.587,26.25,330.409,1
2026-07-04 00:16:12,0.975,12.587,26.25,330.409,1
2026-07-04 00:16:13,0.975,12.587,26.25,330.409,1
2026-07-04 00:16:13,0.974,12.587,25.75,324.115,1
2026-07-04 00:16:13,0.974,12.587,25.75,324.115,1
2026-07-04 00:16:13,0.975,12.587,26.0,327.262,1
2026-07-04 00:16:13,0.975,12.587,26.0,327.262,1
2026-07-04 00:16:13,0.975,12.587,26.0,327.262,1
2026-07-04 00:16:13,0.975,12.587,25.84,325.248,1
2026-07-04 00:16:13,0.975,12.587,25.84,325.248,1
2026-07-04 00:16:13,0.975,12.587,25.84,325.248,1
2026-07-04 00:16:13,0.975,12.587,25.84,325.248,1
2026-07-04 00:16:14,0.975,12.587,25.84,325.248,1
2026-07-04 00:16:14,0.976,12.587,32.57,409.959,1
2026-07-04 00:16:14,0.976,12.587,32.57,409.959,1
2026-07-04 00:16:14,0.977,12.587,25.67,323.108,1
2026-07-04 00:16:14,0.977,12.587,25.67,323.108,1
2026-07-04 00:16:14,0.977,12.587,25.67,323.108,1
2026-07-04 00:16:14,0.978,12.587,33.9,426.699,1
2026-07-04 00:16:14,0.978,12.587,33.9,426.699,1
2026-07-04 00:16:14,0.978,12.587,25.84,325.248,1
2026-07-04 00:16:14,0.978,12.587,25.84,325.248,1
2026-07-04 00:16:15,0.978,12.587,25.84,325.248,1
2026-07-04 00:16:15,0.978,12.587,26.0,327.262,1
2026-07-04 00:16:15,0.978,12.587,26.0,327.262,1
2026-07-04 00:16:15,0.979,12.587,28.66,360.743,1
2026-07-04 00:16:15,0.979,12.587,28.66,360.743,1
2026-07-04 00:16:15,0.979,12.587,28.66,360.743,1
2026-07-04 00:16:15,0.979,12.587,26.0,327.262,2
2026-07-04 00:16:15,0.979,12.587,26.0,327.262,2
2026-07-04 00:16:15,0.989,12.587,31.82,400.518,2
2026-07-04 00:16:15,0.989,12.587,31.82,400.518,2
2026-07-04 00:16:16,0.989,12.587,31.82,400.518,2
2026-07-04 00:16:16,1.2,12.587,26.08,328.269,2
2026-07-04 00:16:16,1.2,12.587,26.08,328.269,2
2026-07-04 00:16:16,1.569,12.587,28.74,361.75,2
2026-07-04 00:16:16,1.569,12.587,28.74,361.75,2
2026-07-04 00:16:16,1.569,12.587,28.74,361.75,2
2026-07-04 00:16:16,1.785,12.587,25.84,325.248,2
2026-07-04 00:16:16,1.785,12.587,25.84,325.248,2
2026-07-04 00:16:16,1.893,12.587,29.08,366.03,2
2026-07-04 00:16:16,1.893,12.587,29.08,366.03,2
2026-07-04 00:16:17,1.946,12.587,29.08,366.03,2
2026-07-04 00:16:17,1.946,12.587,25.75,324.115,2
2026-07-04 00:16:17,1.946,12.587,25.75,324.115,2
2026-07-04 00:16:17,1.969,12.587,26.0,327.262,2
2026-07-04 00:16:17,1.969,12.587,26.0,327.262,2
2026-07-04 00:16:17,1.975,12.587,25.84,325.248,2
2026-07-04 00:16:17,1.975,12.587,25.84,325.248,2
2026-07-04 00:16:17,1.975,12.587,25.84,325.248,2
2026-07-04 00:16:17,1.972,12.587,25.84,325.248,2
2026-07-04 00:16:17,1.972,12.587,25.84,325.248,2
2026-07-04 00:16:18,1.965,12.587,30.9,388.938,2
2026-07-04 00:16:18,1.965,12.587,30.9,388.938,2
2026-07-04 00:16:18,1.965,12.587,30.9,388.938,2
2026-07-04 00:16:18,1.959,12.587,25.75,324.115,2
2026-07-04 00:16:18,1.959,12.587,25.75,324.115,2
2026-07-04 00:16:18,1.954,12.587,32.48,408.826,2
2026-07-04 00:16:18,1.954,12.587,32.48,408.826,2
2026-07-04 00:16:18,1.954,12.587,32.48,408.826,2
2026-07-04 00:16:18,1.951,12.587,25.67,323.108,2
2026-07-04 00:16:18,1.951,12.587,25.67,323.108,2
2026-07-04 00:16:19,1.95,12.587,27.75,349.289,2
2026-07-04 00:16:19,1.95,12.587,27.75,349.289,2
2026-07-04 00:16:19,1.95,12.587,27.75,349.289,2
2026-07-04 00:16:19,1.953,12.587,30.99,390.071,2
2026-07-04 00:16:19,1.953,12.587,30.99,390.071,2
2026-07-04 00:16:19,1.958,12.587,26.0,327.262,2
2026-07-04 00:16:19,1.958,12.587,26.0,327.262,2
2026-07-04 00:16:19,1.958,12.587,26.0,327.262,2
2026-07-04 00:16:19,1.963,12.587,31.98,402.532,2
2026-07-04 00:16:19,1.963,12.587,31.98,402.532,2
2026-07-04 00:16:20,1.969,12.587,25.92,326.255,2
2026-07-04 00:16:20,1.969,12.587,25.92,326.255,2
2026-07-04 00:16:20,1.969,12.587,25.92,326.255,2
2026-07-04 00:16:20,1.975,12.587,30.74,386.924,2
2026-07-04 00:16:20,1.975,12.587,30.74,386.924,2
2026-07-04 00:16:20,1.979,12.587,25.75,324.115,2
2026-07-04 00:16:20,1.979,12.587,25.75,324.115,2
2026-07-04 00:16:20,1.979,12.587,25.75,324.115,2
2026-07-04 00:16:20,1.983,12.587,26.25,330.409,2
2026-07-04 00:16:21,1.983,12.587,26.25,330.409,2
2026-07-04 00:16:21,1.984,12.587,25.67,323.108,2
2026-07-04 00:16:21,1.984,12.587,25.67,323.108,2
2026-07-04 00:16:21,1.984,12.587,25.67,323.108,2
2026-07-04 00:16:21,1.985,12.587,25.92,326.255,2
2026-07-04 00:16:21,1.985,12.587,25.92,326.255,2
2026-07-04 00:16:21,1.985,12.587,26.08,328.269,2
2026-07-04 00:16:21,1.985,12.587,26.08,328.269,2
2026-07-04 00:16:21,1.985,12.587,26.08,328.269,2
2026-07-04 00:16:21,1.984,12.587,25.84,325.248,2
2026-07-04 00:16:22,1.984,12.587,25.84,325.248,2
2026-07-04 00:16:22,1.982,12.587,30.49,383.778,2
2026-07-04 00:16:22,1.982,12.587,30.49,383.778,2
2026-07-04 00:16:22,1.982,12.587,30.49,383.778,2
2026-07-04 00:16:22,1.98,12.587,25.75,324.115,2
2026-07-04 00:16:22,1.98,12.587,25.75,324.115,2
2026-07-04 00:16:22,1.977,12.587,31.15,392.085,2
2026-07-04 00:16:22,1.977,12.587,31.15,392.085,2
2026-07-04 00:16:22,1.977,12.587,31.15,392.085,2
2026-07-04 00:16:22,1.976,12.587,25.84,325.248,2
2026-07-04 00:16:23,1.976,12.587,25.84,325.248,2
2026-07-04 00:16:23,1.975,12.587,30.24,380.631,2
2026-07-04 00:16:23,1.975,12.587,30.24,380.631,2
2026-07-04 00:16:23,1.975,12.587,30.24,380.631,2
2026-07-04 00:16:23,1.974,12.587,32.07,403.665,2
2026-07-04 00:16:23,1.974,12.587,32.07,403.665,2
2026-07-04 00:16:23,1.973,12.587,26.0,327.262,2
2026-07-04 00:16:23,1.973,12.587,26.0,327.262,2
2026-07-04 00:16:23,1.973,12.587,26.0,327.262,2
2026-07-04 00:16:23,1.973,12.587,32.07,403.665,2
2026-07-04 00:16:24,1.973,12.587,32.07,403.665,2
2026-07-04 00:16:24,1.973,12.587,25.92,326.255,2
2026-07-04 00:16:24,1.973,12.587,25.92,326.255,2
2026-07-04 00:16:24,1.973,12.587,25.92,326.255,2
2026-07-04 00:16:24,1.973,12.587,32.9,414.112,2
2026-07-04 00:16:24,1.973,12.587,32.9,414.112,2
2026-07-04 00:16:24,1.974,12.587,25.75,324.115,2
2026-07-04 00:16:24,1.974,12.587,25.75,324.115,2
2026-07-04 00:16:24,1.975,12.587,26.0,327.262,2
2026-07-04 00:16:24,1.975,12.587,26.0,327.262,2
2026-07-04 00:16:25,1.975,12.587,26.0,327.262,2
2026-07-04 00:16:25,1.976,12.587,25.67,323.108,2
2026-07-04 00:16:25,1.976,12.587,25.67,323.108,2
2026-07-04 00:16:25,1.977,12.587,25.92,326.255,2
2026-07-04 00:16:25,1.977,12.587,25.92,326.255,2
2026-07-04 00:16:25,1.977,12.587,25.92,326.255,2
2026-07-04 00:16:25,1.979,12.587,29.49,371.191,2
2026-07-04 00:16:25,1.979,12.587,29.49,371.191,2
2026-07-04 00:16:25,1.982,12.587,25.84,325.248,2
2026-07-04 00:16:25,1.982,12.587,25.84,325.248,2
2026-07-04 00:16:26,1.982,12.587,25.84,325.248,2
2026-07-04 00:16:26,1.984,12.587,30.41,382.771,2
2026-07-04 00:16:26,1.984,12.587,30.41,382.771,2
2026-07-04 00:16:26,1.985,12.587,25.75,324.115,2
2026-07-04 00:16:26,1.985,12.587,25.75,324.115,2
2026-07-04 00:16:26,1.985,12.587,25.75,324.115,2
2026-07-04 00:16:26,1.986,12.587,33.06,416.126,2
2026-07-04 00:16:26,1.986,12.587,33.06,416.126,2
2026-07-04 00:16:26,1.985,12.587,27.0,339.849,2
2026-07-04 00:16:26,1.985,12.587,27.0,339.849,2
2026-07-04 00:16:27,1.985,12.587,27.0,339.849,2
2026-07-04 00:16:27,1.985,12.587,27.17,341.989,2
2026-07-04 00:16:27,1.985,12.587,27.17,341.989,2
2026-07-04 00:16:27,1.984,12.587,29.74,374.337,2
2026-07-04 00:16:27,1.984,12.587,29.74,374.337,2
2026-07-04 00:16:27,1.984,12.587,29.74,374.337,2
2026-07-04 00:16:27,1.982,12.587,25.92,326.255,2
2026-07-04 00:16:27,1.982,12.587,25.92,326.255,2
2026-07-04 00:16:27,1.98,12.587,32.9,414.112,2
2026-07-04 00:16:27,1.98,12.587,32.9,414.112,2
2026-07-04 00:16:28,1.98,12.587,32.9,414.112,2
2026-07-04 00:16:28,1.979,12.587,25.92,326.255,2
2026-07-04 00:16:28,1.979,12.587,25.92,326.255,2
2026-07-04 00:16:28,1.978,12.587,33.73,424.56,2
2026-07-04 00:16:28,1.978,12.587,33.73,424.56,2
2026-07-04 00:16:28,1.978,12.587,33.73,424.56,2
2026-07-04 00:16:28,1.976,12.587,25.84,325.248,2
2026-07-04 00:16:28,1.976,12.587,25.84,325.248,2
2026-07-04 00:16:28,1.975,12.587,26.0,327.262,2
2026-07-04 00:16:28,1.975,12.587,26.0,327.262,2
2026-07-04 00:16:29,1.975,12.587,26.0,327.262,2
2026-07-04 00:16:29,1.975,12.587,25.67,323.108,2
2026-07-04 00:16:29,1.975,12.587,25.67,323.108,2
2026-07-04 00:16:29,1.974,12.587,26.0,327.262,2
2026-07-04 00:16:29,1.974,12.587,26.0,327.262,2
2026-07-04 00:16:29,1.974,12.587,26.0,327.262,2
2026-07-04 00:16:29,1.973,12.587,28.0,352.436,2
2026-07-04 00:16:29,1.973,12.587,28.0,352.436,2
2026-07-04 00:16:29,1.974,12.587,25.84,325.248,2
2026-07-04 00:16:29,1.974,12.587,25.84,325.248,2
2026-07-04 00:16:30,1.974,12.587,25.84,325.248,2
2026-07-04 00:16:30,1.976,12.587,28.83,362.883,2
2026-07-04 00:16:30,1.976,12.587,28.83,362.883,2
2026-07-04 00:16:30,1.978,12.587,25.75,324.115,2
2026-07-04 00:16:30,1.978,12.587,25.75,324.115,2
2026-07-04 00:16:30,1.978,12.587,25.75,324.115,2
2026-07-04 00:16:30,1.979,12.587,33.73,424.56,2
2026-07-04 00:16:30,1.979,12.587,33.73,424.56,2
2026-07-04 00:16:30,1.98,12.587,26.25,330.409,2
2026-07-04 00:16:30,1.98,12.587,26.25,330.409,2
2026-07-04 00:16:31,1.98,12.587,26.25,330.409,2
2026-07-04 00:16:31,1.981,12.587,26.17,329.402,2
2026-07-04 00:16:31,1.981,12.587,26.17,329.402,2
2026-07-04 00:16:31,1.982,12.587,27.25,342.996,2
2026-07-04 00:16:31,1.982,12.587,27.25,342.996,2
2026-07-04 00:16:31,1.982,12.587,27.25,342.996,2
2026-07-04 00:16:31,1.981,12.587,26.0,327.262,2
2026-07-04 00:16:31,1.981,12.587,26.0,327.262,2
2026-07-04 00:16:31,1.981,12.587,33.98,427.706,2
2026-07-04 00:16:31,1.981,12.587,33.98,427.706,2
2026-07-04 00:16:32,1.981,12.587,33.98,427.706,2
2026-07-04 00:16:32,1.981,12.587,25.92,326.255,2
2026-07-04 00:16:32,1.981,12.587,25.92,326.255,2
2026-07-04 00:16:32,1.98,12.587,33.73,424.56,2
2026-07-04 00:16:32,1.98,12.587,33.73,424.56,2
2026-07-04 00:16:32,1.979,12.587,25.84,325.248,2
2026-07-04 00:16:32,1.979,12.587,25.84,325.248,2
2026-07-04 00:16:32,1.979,12.587,25.84,325.248,2
2026-07-04 00:16:32,1.977,12.587,26.0,327.262,2
2026-07-04 00:16:32,1.977,12.587,26.0,327.262,2
2026-07-04 00:16:33,1.977,12.587,26.0,327.262,2
2026-07-04 00:16:33,1.977,12.587,25.84,325.248,2
2026-07-04 00:16:33,1.977,12.587,25.84,325.248,2
2026-07-04 00:16:33,1.977,12.587,25.92,326.255,2
2026-07-04 00:16:33,1.977,12.587,25.92,326.255,2
2026-07-04 00:16:33,1.977,12.587,25.84,325.248,2
2026-07-04 00:16:33,1.977,12.587,25.84,325.248,2
2026-07-04 00:16:33,1.977,12.587,25.84,325.248,2
2026-07-04 00:16:33,1.976,12.587,25.75,324.115,2
2026-07-04 00:16:33,1.976,12.587,25.75,324.115,2
2026-07-04 00:16:34,1.977,12.587,31.82,400.518,2
2026-07-04 00:16:34,1.977,12.587,31.82,400.518,2
2026-07-04 00:16:34,1.977,12.587,31.82,400.518,2
2026-07-04 00:16:34,1.977,12.587,25.75,324.115,2
2026-07-04 00:16:34,1.977,12.587,25.75,324.115,2
2026-07-04 00:16:34,1.977,12.587,33.65,423.553,2
2026-07-04 00:16:34,1.977,12.587,33.65,423.553,2
2026-07-04 00:16:34,1.977,12.587,33.65,423.553,2
2026-07-04 00:16:34,1.977,12.587,25.67,323.108,2
2026-07-04 00:16:35,1.977,12.587,25.67,323.108,2
2026-07-04 00:16:35,1.979,12.587,26.0,327.262,2
2026-07-04 00:16:35,1.979,12.587,26.0,327.262,2
2026-07-04 00:16:35,1.979,12.587,26.0,327.262,2
2026-07-04 00:16:35,1.981,12.587,28.74,361.75,2
2026-07-04 00:16:35,1.981,12.587,28.74,361.75,2
2026-07-04 00:16:35,1.982,12.587,26.0,327.262,2
2026-07-04 00:16:35,1.982,12.587,26.0,327.262,3
2026-07-04 00:16:35,1.982,12.587,26.0,327.262,3
2026-07-04 00:16:35,1.986,12.587,33.73,424.56,3
2026-07-04 00:16:36,1.986,12.587,33.73,424.56,3
2026-07-04 00:16:36,2.151,12.587,25.92,326.255,3
2026-07-04 00:16:36,2.151,12.587,25.92,326.255,3
2026-07-04 00:16:36,2.151,12.587,25.92,326.255,3
2026-07-04 00:16:36,2.527,12.587,34.14,429.72,3
2026-07-04 00:16:36,2.527,12.587,34.14,429.72,3
2026-07-04 00:16:36,2.761,12.587,25.92,326.255,3
2026-07-04 00:16:36,2.761,12.587,25.92,326.255,3
2026-07-04 00:16:36,2.761,12.587,25.92,326.255,3
2026-07-04 00:16:36,2.878,12.587,27.91,351.303,3
2026-07-04 00:16:37,2.878,12.587,27.91,351.303,3
2026-07-04 00:16:37,2.936,12.587,25.75,324.115,3
2026-07-04 00:16:37,2.936,12.587,25.75,324.115,3
2026-07-04 00:16:37,2.936,12.587,25.75,324.115,3
2026-07-04 00:16:37,2.962,12.587,25.92,326.255,3
2026-07-04 00:16:37,2.962,12.587,25.92,326.255,3
2026-07-04 00:16:37,2.971,12.587,25.84,325.248,3
2026-07-04 00:16:37,2.971,12.587,25.84,325.248,3
2026-07-04 00:16:37,2.971,12.587,25.84,325.248,3
2026-07-04 00:16:37,2.969,12.587,25.84,325.248,3
2026-07-04 00:16:38,2.969,12.587,25.84,325.248,3
2026-07-04 00:16:38,2.966,12.587,33.31,419.273,3
2026-07-04 00:16:38,2.966,12.587,33.31,419.273,3
2026-07-04 00:16:38,2.966,12.587,33.31,419.273,3
2026-07-04 00:16:38,2.961,12.587,25.75,324.115,3
2026-07-04 00:16:38,2.961,12.587,25.75,324.115,3
2026-07-04 00:16:38,2.957,12.587,33.65,423.553,3
2026-07-04 00:16:38,2.957,12.587,33.65,423.553,3
2026-07-04 00:16:38,2.955,12.587,25.75,324.115,3
2026-07-04 00:16:38,2.955,12.587,25.75,324.115,3
2026-07-04 00:16:39,2.955,12.587,25.75,324.115,3
2026-07-04 00:16:39,2.956,12.587,28.49,358.604,3
2026-07-04 00:16:39,2.956,12.587,28.49,358.604,3
2026-07-04 00:16:39,2.957,12.587,31.9,401.525,3
2026-07-04 00:16:39,2.957,12.587,31.9,401.525,3
2026-07-04 00:16:39,2.957,12.587,31.9,401.525,3
2026-07-04 00:16:39,2.96,12.587,26.0,327.262,3
2026-07-04 00:16:39,2.96,12.587,26.0,327.262,3
2026-07-04 00:16:39,2.962,12.587,33.56,422.42,3
2026-07-04 00:16:39,2.962,12.587,33.56,422.42,3
2026-07-04 00:16:40,2.962,12.587,33.56,422.42,3
2026-07-04 00:16:40,2.965,12.587,25.84,325.248,3
2026-07-04 00:16:40,2.965,12.587,25.84,325.248,3
2026-07-04 00:16:40,2.971,12.587,33.23,418.266,3
2026-07-04 00:16:40,2.971,12.587,33.23,418.266,3
2026-07-04 00:16:40,2.971,12.587,33.23,418.266,3
2026-07-04 00:16:40,2.976,12.587,25.84,325.248,3
2026-07-04 00:16:40,2.976,12.587,25.84,325.248,3
2026-07-04 00:16:40,2.981,12.587,30.32,381.638,3
2026-07-04 00:16:40,2.981,12.587,30.32,381.638,3
2026-07-04 00:16:41,2.981,12.587,30.32,381.638,3
2026-07-04 00:16:41,2.984,12.587,25.75,324.115,3
2026-07-04 00:16:41,2.984,12.587,25.75,324.115,3
2026-07-04 00:16:41,2.987,12.587,25.92,326.255,3
2026-07-04 00:16:41,2.987,12.587,25.92,326.255,3
2026-07-04 00:16:41,2.987,12.587,25.92,326.255,3
2026-07-04 00:16:41,2.989,12.587,26.58,334.562,3
2026-07-04 00:16:41,2.989,12.587,26.58,334.562,3
2026-07-04 00:16:41,2.99,12.587,25.92,326.255,3
2026-07-04 00:16:41,2.99,12.587,25.92,326.255,3
2026-07-04 00:16:42,2.99,12.587,25.92,326.255,3
2026-07-04 00:16:42,2.99,12.587,32.32,406.812,3
2026-07-04 00:16:42,2.99,12.587,32.32,406.812,3
2026-07-04 00:16:42,2.989,12.587,25.75,324.115,3
2026-07-04 00:16:42,2.989,12.587,25.75,324.115,3
2026-07-04 00:16:42,2.989,12.587,25.75,324.115,3
2026-07-04 00:16:42,2.987,12.587,32.82,413.105,3
2026-07-04 00:16:42,2.987,12.587,32.82,413.105,3
2026-07-04 00:16:42,2.985,12.587,25.75,324.115,3
2026-07-04 00:16:42,2.985,12.587,25.75,324.115,3
2026-07-04 00:16:43,2.985,12.587,25.75,324.115,3
2026-07-04 00:16:43,2.982,12.587,31.57,397.372,3
2026-07-04 00:16:43,2.982,12.587,31.57,397.372,3
2026-07-04 00:16:43,2.98,12.587,31.15,392.085,3
2026-07-04 00:16:43,2.98,12.587,31.15,392.085,3
2026-07-04 00:16:43,2.98,12.587,31.15,392.085,3
2026-07-04 00:16:43,2.978,12.587,25.92,326.255,3
2026-07-04 00:16:43,2.978,12.587,25.92,326.255,3
2026-07-04 00:16:43,2.976,12.587,32.15,404.672,3
2026-07-04 00:16:43,2.976,12.587,32.15,404.672,3
2026-07-04 00:16:44,2.976,12.587,32.15,404.672,3
2026-07-04 00:16:44,2.974,12.587,25.92,326.255,3
2026-07-04 00:16:44,2.974,12.587,25.92,326.255,3
2026-07-04 00:16:44,2.973,12.587,31.57,397.372,3
2026-07-04 00:16:44,2.973,12.587,31.57,397.372,3
2026-07-04 00:16:44,2.973,12.587,31.57,397.372,3
2026-07-04 00:16:44,2.973,12.587,25.75,324.115,3
2026-07-04 00:16:44,2.973,12.587,25.75,324.115,3
2026-07-04 00:16:44,2.973,12.587,30.07,378.491,3
2026-07-04 00:16:44,2.973,12.587,30.07,378.491,3
2026-07-04 00:16:45,2.973,12.587,30.07,378.491,3
2026-07-04 00:16:45,2.973,12.587,25.75,324.115,3
2026-07-04 00:16:45,2.973,12.587,25.75,324.115,3
2026-07-04 00:16:45,2.973,12.587,25.92,326.255,3
2026-07-04 00:16:45,2.973,12.587,25.92,326.255,3
2026-07-04 00:16:45,2.973,12.587,25.92,326.255,3
2026-07-04 00:16:45,2.974,12.587,29.82,375.344,3
2026-07-04 00:16:45,2.974,12.587,29.82,375.344,3
2026-07-04 00:16:45,2.976,12.587,25.84,325.248,3
2026-07-04 00:16:45,2.976,12.587,25.84,325.248,3
2026-07-04 00:16:46,2.976,12.587,25.84,325.248,3
2026-07-04 00:16:46,2.977,12.587,30.99,390.071,3
2026-07-04 00:16:46,2.977,12.587,30.99,390.071,3
2026-07-04 00:16:46,2.978,12.587,25.75,324.115,3
2026-07-04 00:16:46,2.978,12.587,25.75,324.115,3
2026-07-04 00:16:46,2.978,12.587,25.75,324.115,3
2026-07-04 00:16:46,2.981,12.587,33.9,426.699,3
2026-07-04 00:16:46,2.981,12.587,33.9,426.699,3
2026-07-04 00:16:46,2.984,12.587,25.75,324.115,3
2026-07-04 00:16:46,2.984,12.587,25.75,324.115,3
2026-07-04 00:16:47,2.986,12.587,32.23,405.679,3
2026-07-04 00:16:47,2.986,12.587,32.23,405.679,3
2026-07-04 00:16:47,2.986,12.587,32.23,405.679,3
2026-07-04 00:16:47,2.987,12.587,28.33,356.59,3
2026-07-04 00:16:47,2.987,12.587,28.33,356.59,3
2026-07-04 00:16:47,2.988,12.587,25.92,326.255,3
2026-07-04 00:16:47,2.988,12.587,25.92,326.255,3
2026-07-04 00:16:47,2.988,12.587,25.92,326.255,3
2026-07-04 00:16:47,2.988,12.587,33.4,420.406,3
2026-07-04 00:16:47,2.988,12.587,33.4,420.406,3
2026-07-04 00:16:48,2.987,12.587,25.92,326.255,3
2026-07-04 00:16:48,2.987,12.587,25.92,326.255,3
2026-07-04 00:16:48,2.987,12.587,25.92,326.255,3
2026-07-04 00:16:48,2.985,12.587,30.41,382.771,3
2026-07-04 00:16:48,2.985,12.587,30.41,382.771,3
2026-07-04 00:16:48,2.984,12.587,25.75,324.115,3
2026-07-04 00:16:48,2.984,12.587,25.75,324.115,3
2026-07-04 00:16:48,2.984,12.587,25.75,324.115,3
2026-07-04 00:16:48,2.982,12.587,29.99,377.484,3
2026-07-04 00:16:48,2.982,12.587,29.99,377.484,3
2026-07-04 00:16:49,2.981,12.587,25.75,324.115,3
2026-07-04 00:16:49,2.981,12.587,25.75,324.115,3
2026-07-04 00:16:49,2.981,12.587,25.75,324.115,3
2026-07-04 00:16:49,2.979,12.587,26.0,327.262,3
2026-07-04 00:16:49,2.979,12.587,26.0,327.262,3
2026-07-04 00:16:49,2.977,12.587,27.66,348.156,3
2026-07-04 00:16:49,2.977,12.587,27.66,348.156,3
2026-07-04 00:16:49,2.977,12.587,27.66,348.156,3
2026-07-04 00:16:49,2.976,12.587,25.84,325.248,3
2026-07-04 00:16:50,2.976,12.587,25.84,325.248,3
2026-07-04 00:16:50,2.977,12.587,30.99,390.071,3
2026-07-04 00:16:50,2.977,12.587,30.99,390.071,3
2026-07-04 00:16:50,2.977,12.587,30.99,390.071,3
2026-07-04 00:16:50,2.975,12.587,25.75,324.115,3
2026-07-04 00:16:50,2.975,12.587,25.75,324.115,3
2026-07-04 00:16:50,2.976,12.587,32.9,414.112,3
2026-07-04 00:16:50,2.976,12.587,32.9,414.112,3
2026-07-04 00:16:50,2.976,12.587,32.9,414.112,3
2026-07-04 00:16:50,2.977,12.587,25.67,323.108,3
2026-07-04 00:16:51,2.977,12.587,25.67,323.108,3
2026-07-04 00:16:51,2.979,12.587,32.32,406.812,3
2026-07-04 00:16:51,2.979,12.587,32.32,406.812,3
2026-07-04 00:16:51,2.979,12.587,32.32,406.812,3
2026-07-04 00:16:51,2.981,12.587,25.84,325.248,3
2026-07-04 00:16:51,2.981,12.587,25.84,325.248,3
2026-07-04 00:16:51,2.982,12.587,26.0,327.262,3
2026-07-04 00:16:51,2.982,12.587,26.0,327.262,3
2026-07-04 00:16:51,2.982,12.587,26.0,327.262,3
2026-07-04 00:16:51,2.982,12.587,34.06,428.713,3
2026-07-04 00:16:52,2.982,12.587,34.06,428.713,3
2026-07-04 00:16:52,2.983,12.587,25.92,326.255,3
2026-07-04 00:16:52,2.983,12.587,25.92,326.255,3
2026-07-04 00:16:52,2.983,12.587,25.92,326.255,3
2026-07-04 00:16:52,2.983,12.587,33.15,417.259,3
2026-07-04 00:16:52,2.983,12.587,33.15,417.259,3
2026-07-04 00:16:52,2.982,12.587,25.75,324.115,3
2026-07-04 00:16:52,2.982,12.587,25.75,324.115,3
2026-07-04 00:16:52,2.982,12.587,25.75,324.115,3
2026-07-04 00:16:52,2.981,12.587,28.58,359.736,3
2026-07-04 00:16:53,2.981,12.587,28.58,359.736,3
2026-07-04 00:16:53,2.981,12.587,25.75,324.115,3
2026-07-04 00:16:53,2.981,12.587,25.75,324.115,3
2026-07-04 00:16:53,2.981,12.587,25.75,324.115,3
2026-07-04 00:16:53,2.979,12.587,26.0,327.262,3
2026-07-04 00:16:53,2.979,12.587,26.0,327.262,3
2026-07-04 00:16:53,2.978,12.587,25.84,325.248,3
2026-07-04 00:16:53,2.978,12.587,25.84,325.248,3
2026-07-04 00:16:53,2.978,12.587,25.84,325.248,3
2026-07-04 00:16:53,2.977,12.587,25.84,325.248,3
2026-07-04 00:16:54,2.977,12.587,25.84,325.248,3
2026-07-04 00:16:54,2.977,12.587,31.57,397.372,3
2026-07-04 00:16:54,2.977,12.587,31.57,397.372,3
2026-07-04 00:16:54,2.977,12.587,31.57,397.372,3
2026-07-04 00:16:54,2.976,12.587,25.84,325.248,3
2026-07-04 00:16:54,2.976,12.587,25.84,325.248,3
2026-07-04 00:16:54,2.975,12.587,33.65,423.553,3
2026-07-04 00:16:54,2.975,12.587,33.65,423.553,3
2026-07-04 00:16:54,2.975,12.587,33.65,423.553,3
2026-07-04 00:16:54,2.975,12.587,25.67,323.108,3
2026-07-04 00:16:55,2.975,12.587,25.67,323.108,3
2026-07-04 00:16:55,2.975,12.587,33.31,419.273,3
2026-07-04 00:16:55,2.975,12.587,33.31,419.273,3
2026-07-04 00:16:55,2.974,12.587,25.92,326.255,3
2026-07-04 00:16:55,2.974,12.587,25.92,326.255,3
2026-07-04 00:16:55,2.974,12.587,25.92,326.255,3
2026-07-04 00:16:55,2.976,12.587,26.08,328.269,3
2026-07-04 00:16:55,2.976,12.587,26.08,328.269,4
2026-07-04 00:16:55,2.979,12.587,33.73,424.56,4
2026-07-04 00:16:55,2.979,12.587,33.73,424.56,4
2026-07-04 00:16:56,2.979,12.587,33.73,424.56,4
2026-07-04 00:16:56,3.113,12.587,25.92,326.255,4
2026-07-04 00:16:56,3.113,12.587,25.92,326.255,4
2026-07-04 00:16:56,3.485,12.587,34.39,432.867,4
2026-07-04 00:16:56,3.485,12.587,34.39,432.867,4
2026-07-04 00:16:56,3.485,12.587,34.39,432.867,4
2026-07-04 00:16:56,3.738,12.587,25.92,326.255,4
2026-07-04 00:16:56,3.738,12.587,25.92,326.255,4
2026-07-04 00:16:56,3.866,12.587,26.25,330.409,4
2026-07-04 00:16:56,3.866,12.587,26.25,330.409,4
2026-07-04 00:16:57,3.866,12.587,26.25,330.409,4
2026-07-04 00:16:57,3.931,12.587,25.75,324.115,4
2026-07-04 00:16:57,3.931,12.587,25.75,324.115,4
2026-07-04 00:16:57,3.961,12.587,26.0,327.262,4
2026-07-04 00:16:57,3.961,12.587,26.0,327.262,4
2026-07-04 00:16:57,3.961,12.587,26.0,327.262,4
2026-07-04 00:16:57,3.972,12.587,25.75,324.115,4
2026-07-04 00:16:57,3.972,12.587,25.75,324.115,4
2026-07-04 00:16:57,3.973,12.587,25.84,325.248,4
2026-07-04 00:16:57,3.973,12.587,25.84,325.248,4
2026-07-04 00:16:58,3.973,12.587,25.84,325.248,4
2026-07-04 00:16:58,3.971,12.587,33.81,425.566,4
2026-07-04 00:16:58,3.971,12.587,33.81,425.566,4
2026-07-04 00:16:58,3.968,12.587,25.75,324.115,4
2026-07-04 00:16:58,3.968,12.587,25.75,324.115,4
2026-07-04 00:16:58,3.968,12.587,25.75,324.115,4
2026-07-04 00:16:58,3.964,12.587,33.9,426.699,4
2026-07-04 00:16:58,3.964,12.587,33.9,426.699,4
2026-07-04 00:16:58,3.962,12.587,25.75,324.115,4
2026-07-04 00:16:58,3.962,12.587,25.75,324.115,4
2026-07-04 00:16:59,3.962,12.587,25.75,324.115,4
2026-07-04 00:16:59,3.963,12.587,31.65,398.379,4
2026-07-04 00:16:59,3.963,12.587,31.65,398.379,4
2026-07-04 00:16:59,3.963,12.587,25.92,326.255,4
2026-07-04 00:16:59,3.963,12.587,25.92,326.255,4
2026-07-04 00:16:59,3.963,12.587,25.92,326.255,4
2026-07-04 00:16:59,3.963,12.587,26.08,328.269,4
2026-07-04 00:16:59,3.963,12.587,26.08,328.269,4
2026-07-04 00:16:59,3.965,12.587,32.57,409.959,4
2026-07-04 00:16:59,3.965,12.587,32.57,409.959,4
2026-07-04 00:17:00,3.965,12.587,32.57,409.959,4
2026-07-04 00:17:00,3.966,12.587,25.84,325.248,4
2026-07-04 00:17:00,3.966,12.587,25.84,325.248,4
2026-07-04 00:17:00,3.969,12.587,33.65,423.553,4
2026-07-04 00:17:00,3.969,12.587,33.65,423.553,4
2026-07-04 00:17:00,3.969,12.587,33.65,423.553,4
2026-07-04 00:17:00,3.97,12.587,25.84,325.248,4
2026-07-04 00:17:00,3.97,12.587,25.84,325.248,4
2026-07-04 00:17:00,3.97,12.587,26.0,327.262,4
2026-07-04 00:17:00,3.97,12.587,26.0,327.262,4
2026-07-04 00:17:01,3.97,12.587,26.0,327.262,4
2026-07-04 00:17:01,3.974,12.587,25.67,323.108,4
2026-07-04 00:17:01,3.974,12.587,25.67,323.108,4
2026-07-04 00:17:01,3.98,12.587,26.0,327.262,4
2026-07-04 00:17:01,3.98,12.587,26.0,327.262,4
2026-07-04 00:17:01,3.98,12.587,26.0,327.262,4
2026-07-04 00:17:01,3.984,12.587,25.67,323.108,4
2026-07-04 00:17:01,3.984,12.587,25.67,323.108,4
2026-07-04 00:17:01,3.988,12.587,25.92,326.255,4
2026-07-04 00:17:01,3.988,12.587,25.92,326.255,4
2026-07-04 00:17:02,3.991,12.587,25.92,326.255,4
2026-07-04 00:17:02,3.991,12.587,32.32,406.812,4
2026-07-04 00:17:02,3.991,12.587,32.32,406.812,4
2026-07-04 00:17:02,3.994,12.587,25.75,324.115,4
2026-07-04 00:17:02,3.994,12.587,25.75,324.115,4
2026-07-04 00:17:02,3.995,12.587,34.06,428.713,4
2026-07-04 00:17:02,3.995,12.587,34.06,428.713,4
2026-07-04 00:17:02,3.995,12.587,34.06,428.713,4
2026-07-04 00:17:02,3.995,12.587,25.75,324.115,4
2026-07-04 00:17:02,3.995,12.587,25.75,324.115,4
2026-07-04 00:17:03,3.994,12.587,27.5,346.143,4
2026-07-04 00:17:03,3.994,12.587,27.5,346.143,4
2026-07-04 00:17:03,3.994,12.587,27.5,346.143,4
2026-07-04 00:17:03,3.993,12.587,25.75,324.115,4
2026-07-04 00:17:03,3.993,12.587,25.75,324.115,4
2026-07-04 00:17:03,3.988,12.587,26.08,328.269,4
2026-07-04 00:17:03,3.988,12.587,26.08,328.269,4
2026-07-04 00:17:03,3.988,12.587,26.08,328.269,4
2026-07-04 00:17:03,3.985,12.587,31.07,391.078,4
2026-07-04 00:17:04,3.985,12.587,31.07,391.078,4
2026-07-04 00:17:04,3.981,12.587,25.92,326.255,4
2026-07-04 00:17:04,3.981,12.587,25.92,326.255,4
2026-07-04 00:17:04,3.981,12.587,25.92,326.255,4
2026-07-04 00:17:04,3.978,12.587,30.99,390.071,4
2026-07-04 00:17:04,3.978,12.587,30.99,390.071,4
2026-07-04 00:17:04,3.975,12.587,25.75,324.115,4
2026-07-04 00:17:04,3.975,12.587,25.75,324.115,4
2026-07-04 00:17:04,3.975,12.587,25.75,324.115,4
2026-07-04 00:17:04,3.972,12.587,27.58,347.149,4
2026-07-04 00:17:05,3.972,12.587,27.58,347.149,4
2026-07-04 00:17:05,3.97,12.587,25.75,324.115,4
2026-07-04 00:17:05,3.97,12.587,25.75,324.115,4
2026-07-04 00:17:05,3.97,12.587,25.75,324.115,4
2026-07-04 00:17:05,3.97,12.587,26.0,327.262,4
2026-07-04 00:17:05,3.97,12.587,26.0,327.262,4
2026-07-04 00:17:05,3.97,12.587,25.75,324.115,4
2026-07-04 00:17:05,3.97,12.587,25.75,324.115,4
2026-07-04 00:17:05,3.97,12.587,25.75,324.115,4
2026-07-04 00:17:05,3.969,12.587,25.92,326.255,4
2026-07-04 00:17:06,3.969,12.587,25.92,326.255,4
2026-07-04 00:17:06,3.97,12.587,28.99,364.897,4
2026-07-04 00:17:06,3.97,12.587,28.99,364.897,4
2026-07-04 00:17:06,3.97,12.587,28.99,364.897,4
2026-07-04 00:17:06,3.971,12.587,25.75,324.115,4
2026-07-04 00:17:06,3.971,12.587,25.75,324.115,4
2026-07-04 00:17:06,3.974,12.587,34.06,428.713,4
2026-07-04 00:17:06,3.974,12.587,34.06,428.713,4
2026-07-04 00:17:06,3.974,12.587,34.06,428.713,4
2026-07-04 00:17:06,3.975,12.587,25.67,323.108,4
2026-07-04 00:17:07,3.975,12.587,25.67,323.108,4
2026-07-04 00:17:07,3.976,12.587,30.32,381.638,4
2026-07-04 00:17:07,3.976,12.587,30.32,381.638,4
2026-07-04 00:17:07,3.976,12.587,30.32,381.638,4
2026-07-04 00:17:07,3.981,12.587,26.0,327.262,4
2026-07-04 00:17:07,3.981,12.587,26.0,327.262,4
2026-07-04 00:17:07,3.985,12.587,29.08,366.03,4
2026-07-04 00:17:07,3.985,12.587,29.08,366.03,4
2026-07-04 00:17:07,3.985,12.587,29.08,366.03,4
2026-07-04 00:17:07,3.988,12.587,29.24,368.044,4
2026-07-04 00:17:08,3.988,12.587,29.24,368.044,4
2026-07-04 00:17:08,3.99,12.587,25.92,326.255,4
2026-07-04 00:17:08,3.99,12.587,25.92,326.255,4
2026-07-04 00:17:08,3.99,12.587,25.92,326.255,4
2026-07-04 00:17:08,3.991,12.587,31.65,398.379,4
2026-07-04 00:17:08,3.991,12.587,31.65,398.379,4
2026-07-04 00:17:08,3.991,12.587,25.75,324.115,4
2026-07-04 00:17:08,3.991,12.587,25.75,324.115,4
2026-07-04 00:17:08,3.991,12.587,25.75,324.115,4
2026-07-04 00:17:08,3.991,12.587,30.99,390.071,4
2026-07-04 00:17:09,3.991,12.587,30.99,390.071,4
2026-07-04 00:17:09,3.989,12.587,25.67,323.108,4
2026-07-04 00:17:09,3.989,12.587,25.67,323.108,4
2026-07-04 00:17:09,3.989,12.587,25.67,323.108,4
2026-07-04 00:17:09,3.987,12.587,25.92,326.255,4
2026-07-04 00:17:09,3.987,12.587,25.92,326.255,4
2026-07-04 00:17:09,3.985,12.587,25.75,324.115,4
2026-07-04 00:17:09,3.985,12.587,25.75,324.115,4
2026-07-04 00:17:09,3.981,12.587,25.92,326.255,4
2026-07-04 00:17:09,3.981,12.587,25.92,326.255,4
2026-07-04 00:17:10,3.981,12.587,25.92,326.255,4
2026-07-04 00:17:10,3.979,12.587,27.41,345.01,4
2026-07-04 00:17:10,3.979,12.587,27.41,345.01,4
2026-07-04 00:17:10,3.977,12.587,25.75,324.115,4
2026-07-04 00:17:10,3.977,12.587,25.75,324.115,4
2026-07-04 00:17:10,3.977,12.587,25.75,324.115,4
2026-07-04 00:17:10,3.976,12.587,33.31,419.273,4
2026-07-04 00:17:10,3.976,12.587,33.31,419.273,4
2026-07-04 00:17:10,3.976,12.587,25.67,323.108,4
2026-07-04 00:17:10,3.976,12.587,25.67,323.108,4
2026-07-04 00:17:11,3.976,12.587,25.67,323.108,4
2026-07-04 00:17:11,3.975,12.587,31.73,399.386,4
2026-07-04 00:17:11,3.975,12.587,31.73,399.386,4
2026-07-04 00:17:11,3.975,12.587,29.16,367.037,4
2026-07-04 00:17:11,3.975,12.587,29.16,367.037,4
2026-07-04 00:17:11,3.975,12.587,29.16,367.037,4
2026-07-04 00:17:11,3.978,12.587,26.0,327.262,4
2026-07-04 00:17:11,3.978,12.587,26.0,327.262,4
2026-07-04 00:17:11,3.981,12.587,30.16,379.624,4
2026-07-04 00:17:11,3.981,12.587,30.16,379.624,4
2026-07-04 00:17:12,3.981,12.587,30.16,379.624,4
2026-07-04 00:17:12,3.983,12.587,26.0,327.262,4
2026-07-04 00:17:12,3.983,12.587,26.0,327.262,4
2026-07-04 00:17:12,3.985,12.587,33.23,418.266,4
2026-07-04 00:17:12,3.985,12.587,33.23,418.266,4
2026-07-04 00:17:12,3.985,12.587,33.23,418.266,4
2026-07-04 00:17:12,3.986,12.587,25.75,324.115,4
2026-07-04 00:17:12,3.986,12.587,25.75,324.115,4
2026-07-04 00:17:12,3.986,12.587,28.91,363.89,4
2026-07-04 00:17:12,3.986,12.587,28.91,363.89,4
2026-07-04 00:17:13,3.986,12.587,28.91,363.89,4
2026-07-04 00:17:13,3.985,12.587,25.75,324.115,4
2026-07-04 00:17:13,3.985,12.587,25.75,324.115,4
2026-07-04 00:17:13,3.983,12.587,25.92,326.255,4
2026-07-04 00:17:13,3.983,12.587,25.92,326.255,4
2026-07-04 00:17:13,3.983,12.587,25.92,326.255,4
2026-07-04 00:17:13,3.983,12.587,26.0,327.262,4
2026-07-04 00:17:13,3.983,12.587,26.0,327.262,4
2026-07-04 00:17:13,3.982,12.587,25.92,326.255,4
2026-07-04 00:17:13,3.982,12.587,25.92,326.255,4
2026-07-04 00:17:14,3.982,12.587,25.92,326.255,4
2026-07-04 00:17:14,3.98,12.587,27.66,348.156,4
2026-07-04 00:17:14,3.98,12.587,27.66,348.156,4
2026-07-04 00:17:14,3.978,12.587,25.75,324.115,4
2026-07-04 00:17:14,3.978,12.587,25.75,324.115,4
2026-07-04 00:17:14,3.978,12.587,25.75,324.115,4
2026-07-04 00:17:14,3.976,12.587,33.48,421.413,4
2026-07-04 00:17:14,3.976,12.587,33.48,421.413,4
2026-07-04 00:17:14,3.975,12.587,25.67,323.108,4
2026-07-04 00:17:14,3.975,12.587,25.67,323.108,4
2026-07-04 00:17:15,3.975,12.587,25.67,323.108,4
2026-07-04 00:17:15,3.975,12.587,32.4,407.819,4
2026-07-04 00:17:15,3.975,12.587,32.4,407.819,4
2026-07-04 00:17:15,3.975,12.587,29.24,368.044,4
2026-07-04 00:17:15,3.975,12.587,29.24,368.044,4
2026-07-04 00:17:15,3.975,12.587,29.24,368.044,4
2026-07-04 00:17:15,3.975,12.587,26.0,327.262,4
2026-07-04 00:17:15,3.975,12.587,26.0,327.262,5
2026-07-04 00:17:15,3.975,12.587,30.9,388.938,5
2026-07-04 00:17:15,3.975,12.587,30.9,388.938,5
2026-07-04 00:17:16,4.059,12.587,26.0,327.262,5
2026-07-04 00:17:16,4.059,12.587,26.0,327.262,5
2026-07-04 00:17:16,4.059,12.587,26.0,327.262,5
2026-07-04 00:17:16,4.409,12.587,34.31,431.86,5
2026-07-04 00:17:16,4.409,12.587,34.31,431.86,5
2026-07-04 00:17:16,4.69,12.587,26.0,327.262,5
2026-07-04 00:17:16,4.69,12.587,26.0,327.262,5
2026-07-04 00:17:16,4.69,12.587,26.0,327.262,5
2026-07-04 00:17:16,4.834,12.587,26.33,331.416,5
2026-07-04 00:17:16,4.834,12.587,26.33,331.416,5
2026-07-04 00:17:17,4.911,12.587,25.75,324.115,5
2026-07-04 00:17:17,4.911,12.587,25.75,324.115,5
2026-07-04 00:17:17,4.911,12.587,25.75,324.115,5
2026-07-04 00:17:17,4.948,12.587,26.0,327.262,5
2026-07-04 00:17:17,4.948,12.587,26.0,327.262,5
2026-07-04 00:17:17,4.967,12.587,27.08,340.856,5
2026-07-04 00:17:17,4.967,12.587,27.08,340.856,5
2026-07-04 00:17:17,4.967,12.587,27.08,340.856,5
2026-07-04 00:17:17,4.974,12.587,25.92,326.255,5
2026-07-04 00:17:18,4.974,12.587,25.92,326.255,5
2026-07-04 00:17:18,4.976,12.587,27.0,339.849,5
2026-07-04 00:17:18,4.976,12.587,27.0,339.849,5
2026-07-04 00:17:18,4.976,12.587,27.0,339.849,5
2026-07-04 00:17:18,4.973,12.587,25.84,325.248,5
2026-07-04 00:17:18,4.973,12.587,25.84,325.248,5
2026-07-04 00:17:18,4.972,12.587,33.23,418.266,5
2026-07-04 00:17:18,4.972,12.587,33.23,418.266,5
2026-07-04 00:17:18,4.972,12.587,33.23,418.266,5
2026-07-04 00:17:18,4.971,12.587,25.67,323.108,5
2026-07-04 00:17:19,4.971,12.587,25.67,323.108,5
2026-07-04 00:17:19,4.972,12.587,31.57,397.372,5
2026-07-04 00:17:19,4.972,12.587,31.57,397.372,5
2026-07-04 00:17:19,4.972,12.587,31.57,397.372,5
2026-07-04 00:17:19,4.973,12.587,25.84,325.248,5
2026-07-04 00:17:19,4.973,12.587,25.84,325.248,5
2026-07-04 00:17:19,4.973,12.587,26.0,327.262,5
2026-07-04 00:17:19,4.973,12.587,26.0,327.262,5
2026-07-04 00:17:19,4.973,12.587,26.0,327.262,5
2026-07-04 00:17:19,4.975,12.587,30.57,384.785,5
2026-07-04 00:17:20,4.975,12.587,30.57,384.785,5
2026-07-04 00:17:20,4.975,12.587,26.0,327.262,5
2026-07-04 00:17:20,4.975,12.587,26.0,327.262,5
2026-07-04 00:17:20,4.975,12.587,26.0,327.262,5
2026-07-04 00:17:20,4.976,12.587,33.48,421.413,5
2026-07-04 00:17:20,4.976,12.587,33.48,421.413,5
2026-07-04 00:17:20,4.975,12.587,25.84,325.248,5
2026-07-04 00:17:20,4.975,12.587,25.84,325.248,5
2026-07-04 00:17:20,4.975,12.587,25.84,325.248,5
2026-07-04 00:17:20,4.974,12.587,26.0,327.262,5
2026-07-04 00:17:21,4.974,12.587,26.0,327.262,5
2026-07-04 00:17:21,4.974,12.587,25.67,323.108,5
2026-07-04 00:17:21,4.974,12.587,25.67,323.108,5
2026-07-04 00:17:21,4.974,12.587,25.67,323.108,5
2026-07-04 00:17:21,4.973,12.587,26.0,327.262,5
2026-07-04 00:17:21,4.973,12.587,26.0,327.262,5
2026-07-04 00:17:21,4.972,12.587,25.84,325.248,5
2026-07-04 00:17:21,4.972,12.587,25.84,325.248,5
2026-07-04 00:17:21,4.972,12.587,25.84,325.248,5
2026-07-04 00:17:21,4.973,12.587,25.84,325.248,5
2026-07-04 00:17:22,4.973,12.587,25.84,325.248,5
2026-07-04 00:17:22,4.98,12.587,28.66,360.743,5
2026-07-04 00:17:22,4.98,12.587,28.66,360.743,5
2026-07-04 00:17:22,4.98,12.587,28.66,360.743,5
2026-07-04 00:17:22,4.984,12.587,25.84,325.248,5
2026-07-04 00:17:22,4.984,12.587,25.84,325.248,5
2026-07-04 00:17:22,4.989,12.587,32.23,405.679,5
2026-07-04 00:17:22,4.989,12.587,32.23,405.679,5
2026-07-04 00:17:22,4.989,12.587,32.23,405.679,5
2026-07-04 00:17:22,4.993,12.587,25.75,324.115,5
2026-07-04 00:17:23,4.993,12.587,25.75,324.115,5
2026-07-04 00:17:23,4.996,12.587,27.41,345.01,5
2026-07-04 00:17:23,4.996,12.587,27.41,345.01,5
2026-07-04 00:17:23,4.996,12.587,27.41,345.01,5
2026-07-04 00:17:23,4.999,12.587,25.75,324.115,5
2026-07-04 00:17:23,4.999,12.587,25.75,324.115,5
2026-07-04 00:17:23,4.997,12.587,26.42,332.549,5
2026-07-04 00:17:23,4.997,12.587,26.42,332.549,5
2026-07-04 00:17:23,4.996,12.587,33.06,416.126,5
2026-07-04 00:17:23,4.996,12.587,33.06,416.126,5
2026-07-04 00:17:24,4.996,12.587,33.06,416.126,5
2026-07-04 00:17:24,4.993,12.587,25.92,326.255,5
2026-07-04 00:17:24,4.993,12.587,25.92,326.255,5
2026-07-04 00:17:24,4.99,12.587,33.4,420.406,5
2026-07-04 00:17:24,4.99,12.587,33.4,420.406,5
2026-07-04 00:17:24,4.99,12.587,33.4,420.406,5
2026-07-04 00:17:24,4.984,12.587,25.84,325.248,5
2026-07-04 00:17:24,4.984,12.587,25.84,325.248,5
2026-07-04 00:17:24,4.98,12.587,28.91,363.89,5
2026-07-04 00:17:24,4.98,12.587,28.91,363.89,5
2026-07-04 00:17:25,4.98,12.587,28.91,363.89,5
2026-07-04 00:17:25,4.976,12.587,25.67,323.108,5
2026-07-04 00:17:25,4.976,12.587,25.67,323.108,5
2026-07-04 00:17:25,4.973,12.587,26.0,327.262,5
2026-07-04 00:17:25,4.973,12.587,26.0,327.262,5
2026-07-04 00:17:25,4.973,12.587,26.0,327.262,5
2026-07-04 00:17:25,4.971,12.587,25.67,323.108,5
2026-07-04 00:17:25,4.971,12.587,25.67,323.108,5
2026-07-04 00:17:25,4.967,12.587,25.84,325.248,5
2026-07-04 00:17:25,4.967,12.587,25.84,325.248,5
2026-07-04 00:17:26,4.967,12.587,25.84,325.248,5
2026-07-04 00:17:26,4.969,12.587,30.49,383.778,5
2026-07-04 00:17:26,4.969,12.587,30.49,383.778,5
2026-07-04 00:17:26,4.969,12.587,25.84,325.248,5
2026-07-04 00:17:26,4.969,12.587,25.84,325.248,5
2026-07-04 00:17:26,4.969,12.587,25.84,325.248,5
2026-07-04 00:17:26,4.969,12.587,32.23,405.679,5
2026-07-04 00:17:26,4.969,12.587,32.23,405.679,5
2026-07-04 00:17:26,4.968,12.587,25.75,324.115,5
2026-07-04 00:17:26,4.968,12.587,25.75,324.115,5
2026-07-04 00:17:27,4.968,12.587,25.75,324.115,5
2026-07-04 00:17:27,4.97,12.587,29.49,371.191,5
2026-07-04 00:17:27,4.97,12.587,29.49,371.191,5
2026-07-04 00:17:27,4.972,12.587,27.58,347.149,5
2026-07-04 00:17:27,4.972,12.587,27.58,347.149,5
2026-07-04 00:17:27,4.972,12.587,27.58,347.149,5
2026-07-04 00:17:27,4.973,12.587,26.33,331.416,5
2026-07-04 00:17:27,4.973,12.587,26.33,331.416,5
2026-07-04 00:17:27,4.974,12.587,33.48,421.413,5
2026-07-04 00:17:27,4.974,12.587,33.48,421.413,5
2026-07-04 00:17:28,4.974,12.587,33.48,421.413,5
2026-07-04 00:17:28,4.977,12.587,25.84,325.248,5
2026-07-04 00:17:28,4.977,12.587,25.84,325.248,5
2026-07-04 00:17:28,4.983,12.587,33.9,426.699,5
2026-07-04 00:17:28,4.983,12.587,33.9,426.699,5
2026-07-04 00:17:28,4.983,12.587,33.9,426.699,5
2026-07-04 00:17:28,4.987,12.587,25.84,325.248,5
2026-07-04 00:17:28,4.987,12.587,25.84,325.248,5
2026-07-04 00:17:28,4.991,12.587,31.57,397.372,5
2026-07-04 00:17:28,4.991,12.587,31.57,397.372,5
2026-07-04 00:17:29,4.991,12.587,31.57,397.372,5
2026-07-04 00:17:29,4.993,12.587,25.75,324.115,5
2026-07-04 00:17:29,4.993,12.587,25.75,324.115,5
2026-07-04 00:17:29,4.994,12.587,25.92,326.255,5
2026-07-04 00:17:29,4.994,12.587,25.92,326.255,5
2026-07-04 00:17:29,4.994,12.587,25.92,326.255,5
2026-07-04 00:17:29,4.994,12.587,25.75,324.115,5
2026-07-04 00:17:29,4.994,12.587,25.75,324.115,5
2026-07-04 00:17:29,4.99,12.587,25.92,326.255,5
2026-07-04 00:17:29,4.99,12.587,25.92,326.255,5
2026-07-04 00:17:30,4.99,12.587,25.92,326.255,5
2026-07-04 00:17:30,4.989,12.587,32.07,403.665,5
2026-07-04 00:17:30,4.989,12.587,32.07,403.665,5
2026-07-04 00:17:30,4.987,12.587,25.75,324.115,5
2026-07-04 00:17:30,4.987,12.587,25.75,324.115,5
2026-07-04 00:17:30,4.987,12.587,25.75,324.115,5
2026-07-04 00:17:30,4.984,12.587,31.82,400.518,5
2026-07-04 00:17:30,4.984,12.587,31.82,400.518,5
2026-07-04 00:17:30,4.98,12.587,25.75,324.115,5
2026-07-04 00:17:30,4.98,12.587,25.75,324.115,5
2026-07-04 00:17:31,4.977,12.587,32.32,406.812,5
2026-07-04 00:17:31,4.977,12.587,32.32,406.812,5
2026-07-04 00:17:31,4.977,12.587,32.32,406.812,5
2026-07-04 00:17:31,4.976,12.587,28.91,363.89,5
2026-07-04 00:17:31,4.976,12.587,28.91,363.89,5
2026-07-04 00:17:31,4.975,12.587,26.0,327.262,5
2026-07-04 00:17:31,4.975,12.587,26.0,327.262,5
2026-07-04 00:17:31,4.975,12.587,26.0,327.262,5
2026-07-04 00:17:31,4.974,12.587,30.82,387.931,5
2026-07-04 00:17:31,4.974,12.587,30.82,387.931,5
2026-07-04 00:17:32,4.972,12.587,25.84,325.248,5
2026-07-04 00:17:32,4.972,12.587,25.84,325.248,5
2026-07-04 00:17:32,4.972,12.587,25.84,325.248,5
2026-07-04 00:17:32,4.976,12.587,33.81,425.566,5
2026-07-04 00:17:32,4.976,12.587,33.81,425.566,5
2026-07-04 00:17:32,4.979,12.587,25.84,325.248,5
2026-07-04 00:17:32,4.979,12.587,25.84,325.248,5
2026-07-04 00:17:32,4.979,12.587,25.84,325.248,5
2026-07-04 00:17:32,4.982,12.587,32.15,404.672,5
2026-07-04 00:17:33,4.982,12.587,32.15,404.672,5
2026-07-04 00:17:33,4.985,12.587,25.75,324.115,5
2026-07-04 00:17:33,4.985,12.587,25.75,324.115,5
2026-07-04 00:17:33,4.985,12.587,25.75,324.115,5
2026-07-04 00:17:33,4.986,12.587,25.92,326.255,5
2026-07-04 00:17:33,4.986,12.587,25.92,326.255,5
2026-07-04 00:17:33,4.988,12.587,26.08,328.269,5
2026-07-04 00:17:33,4.988,12.587,26.08,328.269,5
2026-07-04 00:17:33,4.988,12.587,26.08,328.269,5
2026-07-04 00:17:33,4.987,12.587,25.92,326.255,5
2026-07-04 00:17:34,4.987,12.587,25.92,326.255,5
2026-07-04 00:17:34,4.985,12.587,30.74,386.924,5
2026-07-04 00:17:34,4.985,12.587,30.74,386.924,5
2026-07-04 00:17:34,4.985,12.587,30.74,386.924,5
2026-07-04 00:17:34,4.983,12.587,25.75,324.115,5
2026-07-04 00:17:34,4.983,12.587,25.75,324.115,5
2026-07-04 00:17:34,4.983,12.587,32.9,414.112,5
2026-07-04 00:17:34,4.983,12.587,32.9,414.112,5
2026-07-04 00:17:34,4.983,12.587,32.9,414.112,5
2026-07-04 00:17:34,4.979,12.587,25.75,324.115,5
2026-07-04 00:17:35,4.979,12.587,25.75,324.115,5
2026-07-04 00:17:35,4.977,12.587,33.56,422.42,5
2026-07-04 00:17:35,4.977,12.587,33.56,422.42,5
2026-07-04 00:17:35,4.977,12.587,33.56,422.42,5
2026-07-04 00:17:35,4.975,12.587,27.66,348.156,5
2026-07-04 00:17:35,4.975,12.587,27.66,348.156,5
2026-07-04 00:17:35,4.973,12.587,25.92,326.255,5
2026-07-04 00:17:35,4.973,12.587,25.92,326.255,5
2026-07-04 00:17:35,4.973,12.587,25.92,326.255,6
2026-07-04 00:17:35,4.973,12.587,31.24,393.218,6
2026-07-04 00:17:36,4.973,12.587,31.24,393.218,6
2026-07-04 00:17:36,5.033,12.587,26.0,327.262,6
2026-07-04 00:17:36,5.033,12.587,26.0,327.262,6
2026-07-04 00:17:36,5.033,12.587,26.0,327.262,6
2026-07-04 00:17:36,5.363,12.587,33.4,420.406,6
2026-07-04 00:17:36,5.363,12.587,33.4,420.406,6
2026-07-04 00:17:36,5.661,12.587,25.92,326.255,6
2026-07-04 00:17:36,5.661,12.587,25.92,326.255,6
2026-07-04 00:17:36,5.661,12.587,25.92,326.255,6
2026-07-04 00:17:36,5.812,12.587,32.23,405.679,6
2026-07-04 00:17:37,5.812,12.587,32.23,405.679,6
2026-07-04 00:17:37,5.884,12.587,25.75,324.115,6
2026-07-04 00:17:37,5.884,12.587,25.75,324.115,6
2026-07-04 00:17:37,5.884,12.587,25.75,324.115,6
2026-07-04 00:17:37,5.924,12.587,26.0,327.262,6
2026-07-04 00:17:37,5.924,12.587,26.0,327.262,6
2026-07-04 00:17:37,5.947,12.587,27.75,349.289,6
2026-07-04 00:17:37,5.947,12.587,27.75,349.289,6
2026-07-04 00:17:37,5.947,12.587,27.75,349.289,6
2026-07-04 00:17:37,5.959,12.587,25.84,325.248,6
2026-07-04 00:17:38,5.959,12.587,25.84,325.248,6
2026-07-04 00:17:38,5.968,12.587,28.16,354.45,6
2026-07-04 00:17:38,5.968,12.587,28.16,354.45,6
2026-07-04 00:17:38,5.968,12.587,28.16,354.45,6
2026-07-04 00:17:38,5.972,12.587,25.75,324.115,6
2026-07-04 00:17:38,5.972,12.587,25.75,324.115,6
2026-07-04 00:17:38,5.979,12.587,33.65,423.553,6
2026-07-04 00:17:38,5.979,12.587,33.65,423.553,6
2026-07-04 00:17:38,5.979,12.587,33.65,423.553,6
2026-07-04 00:17:38,5.982,12.587,25.67,323.108,6
2026-07-04 00:17:39,5.982,12.587,25.67,323.108,6
2026-07-04 00:17:39,5.984,12.587,33.65,423.553,6
2026-07-04 00:17:39,5.984,12.587,33.65,423.553,6
2026-07-04 00:17:39,5.987,12.587,25.84,325.248,6
2026-07-04 00:17:39,5.987,12.587,25.84,325.248,6
2026-07-04 00:17:39,5.987,12.587,25.84,325.248,6
2026-07-04 00:17:39,5.987,12.587,26.0,327.262,6
2026-07-04 00:17:39,5.987,12.587,26.0,327.262,6
2026-07-04 00:17:39,5.987,12.587,26.0,327.262,6
2026-07-04 00:17:39,5.99,12.587,32.32,406.812,6
2026-07-04 00:17:40,5.99,12.587,32.32,406.812,6
2026-07-04 00:17:40,5.989,12.587,25.92,326.255,6
2026-07-04 00:17:40,5.989,12.587,25.92,326.255,6
2026-07-04 00:17:40,5.989,12.587,33.23,418.266,6
2026-07-04 00:17:40,5.989,12.587,33.23,418.266,6
2026-07-04 00:17:40,5.989,12.587,33.23,418.266,6
2026-07-04 00:17:40,5.988,12.587,25.75,324.115,6
2026-07-04 00:17:40,5.988,12.587,25.75,324.115,6
2026-07-04 00:17:40,5.987,12.587,31.73,399.386,6
2026-07-04 00:17:40,5.987,12.587,31.73,399.386,6
2026-07-04 00:17:41,5.987,12.587,31.73,399.386,6
2026-07-04 00:17:41,5.983,12.587,25.75,324.115,6
2026-07-04 00:17:41,5.983,12.587,25.75,324.115,6
2026-07-04 00:17:41,5.979,12.587,26.08,328.269,6
2026-07-04 00:17:41,5.979,12.587,26.08,328.269,6
2026-07-04 00:17:41,5.979,12.587,26.08,328.269,6
2026-07-04 00:17:41,5.976,12.587,25.75,324.115,6
2026-07-04 00:17:41,5.976,12.587,25.75,324.115,6
2026-07-04 00:17:41,5.972,12.587,25.84,325.248,6
2026-07-04 00:17:41,5.972,12.587,25.84,325.248,6
2026-07-04 00:17:42,5.972,12.587,25.84,325.248,6
2026-07-04 00:17:42,5.971,12.587,29.08,366.03,6
2026-07-04 00:17:42,5.971,12.587,29.08,366.03,6
2026-07-04 00:17:42,5.967,12.587,25.75,324.115,6
2026-07-04 00:17:42,5.967,12.587,25.75,324.115,6
2026-07-04 00:17:42,5.967,12.587,25.75,324.115,6
2026-07-04 00:17:42,5.968,12.587,33.9,426.699,6
2026-07-04 00:17:42,5.968,12.587,33.9,426.699,6
2026-07-04 00:17:42,5.974,12.587,25.67,323.108,6
2026-07-04 00:17:42,5.974,12.587,25.67,323.108,6
2026-07-04 00:17:43,5.974,12.587,25.67,323.108,6
2026-07-04 00:17:43,5.98,12.587,33.65,423.553,6
2026-07-04 00:17:43,5.98,12.587,33.65,423.553,6
2026-07-04 00:17:43,5.984,12.587,25.67,323.108,6
2026-07-04 00:17:43,5.984,12.587,25.67,323.108,6
2026-07-04 00:17:43,5.984,12.587,25.67,323.108,6
2026-07-04 00:17:43,5.989,12.587,26.42,332.549,6
2026-07-04 00:17:43,5.989,12.587,26.42,332.549,6
2026-07-04 00:17:43,5.994,12.587,33.48,421.413,6
2026-07-04 00:17:43,5.994,12.587,33.48,421.413,6
2026-07-04 00:17:44,5.994,12.587,33.48,421.413,6
2026-07-04 00:17:44,5.997,12.587,25.92,326.255,6
2026-07-04 00:17:44,5.997,12.587,25.92,326.255,6
2026-07-04 00:17:44,5.999,12.587,33.9,426.699,6
2026-07-04 00:17:44,5.999,12.587,33.9,426.699,6
2026-07-04 00:17:44,5.999,12.587,33.9,426.699,6
2026-07-04 00:17:44,5.998,12.587,25.75,324.115,6
2026-07-04 00:17:44,5.998,12.587,25.75,324.115,6
2026-07-04 00:17:44,5.997,12.587,29.82,375.344,6
2026-07-04 00:17:44,5.997,12.587,29.82,375.344,6
2026-07-04 00:17:45,5.997,12.587,29.82,375.344,6
2026-07-04 00:17:45,5.994,12.587,25.75,324.115,6
2026-07-04 00:17:45,5.994,12.587,25.75,324.115,6
2026-07-04 00:17:45,5.988,12.587,26.08,328.269,6
2026-07-04 00:17:45,5.988,12.587,26.08,328.269,6
2026-07-04 00:17:45,5.988,12.587,26.08,328.269,6
2026-07-04 00:17:45,5.983,12.587,25.67,323.108,6
2026-07-04 00:17:45,5.983,12.587,25.67,323.108,6
2026-07-04 00:17:45,5.977,12.587,25.84,325.248,6
2026-07-04 00:17:45,5.977,12.587,25.84,325.248,6
2026-07-04 00:17:46,5.977,12.587,25.84,325.248,6
2026-07-04 00:17:46,5.974,12.587,31.4,395.232,6
2026-07-04 00:17:46,5.974,12.587,31.4,395.232,6
2026-07-04 00:17:46,5.97,12.587,25.84,325.248,6
2026-07-04 00:17:46,5.97,12.587,25.84,325.248,6
2026-07-04 00:17:46,5.97,12.587,25.84,325.248,6
2026-07-04 00:17:46,5.968,12.587,33.81,425.566,6
2026-07-04 00:17:46,5.968,12.587,33.81,425.566,6
2026-07-04 00:17:46,5.966,12.587,25.67,323.108,6
2026-07-04 00:17:46,5.966,12.587,25.67,323.108,6
2026-07-04 00:17:47,5.966,12.587,25.67,323.108,6
2026-07-04 00:17:47,5.968,12.587,33.15,417.259,6
2026-07-04 00:17:47,5.968,12.587,33.15,417.259,6
2026-07-04 00:17:47,5.967,12.587,25.75,324.115,6
2026-07-04 00:17:47,5.967,12.587,25.75,324.115,6
2026-07-04 00:17:47,5.966,12.587,26.5,333.556,6
2026-07-04 00:17:47,5.966,12.587,26.5,333.556,6
2026-07-04 00:17:47,5.966,12.587,26.5,333.556,6
2026-07-04 00:17:47,5.967,12.587,33.31,419.273,6
2026-07-04 00:17:48,5.967,12.587,33.31,419.273,6
2026-07-04 00:17:48,5.968,12.587,25.75,324.115,6
2026-07-04 00:17:48,5.968,12.587,25.75,324.115,6
2026-07-04 00:17:48,5.968,12.587,25.75,324.115,6
2026-07-04 00:17:48,5.971,12.587,33.9,426.699,6
2026-07-04 00:17:48,5.971,12.587,33.9,426.699,6
2026-07-04 00:17:48,5.97,12.587,25.75,324.115,6
2026-07-04 00:17:48,5.97,12.587,25.75,324.115,6
2026-07-04 00:17:48,5.97,12.587,25.75,324.115,6
2026-07-04 00:17:48,5.974,12.587,25.92,326.255,6
2026-07-04 00:17:49,5.974,12.587,25.92,326.255,6
2026-07-04 00:17:49,5.981,12.587,25.67,323.108,6
2026-07-04 00:17:49,5.981,12.587,25.67,323.108,6
2026-07-04 00:17:49,5.981,12.587,25.67,323.108,6
2026-07-04 00:17:49,5.986,12.587,25.92,326.255,6
2026-07-04 00:17:49,5.986,12.587,25.92,326.255,6
2026-07-04 00:17:49,5.991,12.587,25.75,324.115,6
2026-07-04 00:17:49,5.991,12.587,25.75,324.115,6
2026-07-04 00:17:49,5.991,12.587,25.75,324.115,6
2026-07-04 00:17:49,5.993,12.587,25.84,325.248,6
2026-07-04 00:17:50,5.993,12.587,25.84,325.248,6
2026-07-04 00:17:50,5.996,12.587,34.06,428.713,6
2026-07-04 00:17:50,5.996,12.587,34.06,428.713,6
2026-07-04 00:17:50,5.996,12.587,34.06,428.713,6
2026-07-04 00:17:50,5.996,12.587,25.67,323.108,6
2026-07-04 00:17:50,5.996,12.587,25.67,323.108,6
2026-07-04 00:17:50,5.994,12.587,33.81,425.566,6
2026-07-04 00:17:50,5.994,12.587,33.81,425.566,6
2026-07-04 00:17:50,5.994,12.587,33.81,425.566,6
2026-07-04 00:17:50,5.992,12.587,28.0,352.436,6
2026-07-04 00:17:51,5.992,12.587,28.0,352.436,6
2026-07-04 00:17:51,5.989,12.587,26.0,327.262,6
2026-07-04 00:17:51,5.989,12.587,26.0,327.262,6
2026-07-04 00:17:51,5.989,12.587,26.0,327.262,6
2026-07-04 00:17:51,5.987,12.587,28.0,352.436,6
2026-07-04 00:17:51,5.987,12.587,28.0,352.436,6
2026-07-04 00:17:51,5.98,12.587,26.0,327.262,6
2026-07-04 00:17:51,5.98,12.587,26.0,327.262,6
2026-07-04 00:17:51,5.98,12.587,26.0,327.262,6
2026-07-04 00:17:51,5.978,12.587,33.56,422.42,6
2026-07-04 00:17:52,5.978,12.587,33.56,422.42,6
2026-07-04 00:17:52,5.975,12.587,25.75,324.115,6
2026-07-04 00:17:52,5.975,12.587,25.75,324.115,6
2026-07-04 00:17:52,5.975,12.587,25.75,324.115,6
2026-07-04 00:17:52,5.975,12.587,28.08,353.443,6
2026-07-04 00:17:52,5.975,12.587,28.08,353.443,6
2026-07-04 00:17:52,5.973,12.587,25.75,324.115,6
2026-07-04 00:17:52,5.973,12.587,25.75,324.115,6
2026-07-04 00:17:52,5.973,12.587,25.75,324.115,6
2026-07-04 00:17:52,5.97,12.587,25.92,326.255,6
2026-07-04 00:17:53,5.97,12.587,25.92,326.255,6
2026-07-04 00:17:53,5.973,12.587,26.42,332.549,6
2026-07-04 00:17:53,5.973,12.587,26.42,332.549,6
2026-07-04 00:17:53,5.973,12.587,26.42,332.549,6
2026-07-04 00:17:53,5.978,12.587,25.92,326.255,6
2026-07-04 00:17:53,5.978,12.587,25.92,326.255,6
2026-07-04 00:17:53,5.983,12.587,27.66,348.156,6
2026-07-04 00:17:53,5.983,12.587,27.66,348.156,6
2026-07-04 00:17:53,5.983,12.587,27.66,348.156,6
2026-07-04 00:17:53,5.985,12.587,25.84,325.248,6
2026-07-04 00:17:54,5.985,12.587,25.84,325.248,6
2026-07-04 00:17:54,5.988,12.587,33.65,423.553,6
2026-07-04 00:17:54,5.988,12.587,33.65,423.553,6
2026-07-04 00:17:54,5.988,12.587,33.65,423.553,6
2026-07-04 00:17:54,5.989,12.587,25.67,323.108,6
2026-07-04 00:17:54,5.989,12.587,25.67,323.108,6
2026-07-04 00:17:54,5.989,12.587,31.57,397.372,6
2026-07-04 00:17:54,5.989,12.587,31.57,397.372,6
2026-07-04 00:17:54,5.989,12.587,31.57,397.372,6
2026-07-04 00:17:54,5.987,12.587,28.33,356.59,6
2026-07-04 00:17:55,5.987,12.587,28.33,356.59,6
2026-07-04 00:17:55,5.984,12.587,26.0,327.262,6
2026-07-04 00:17:55,5.984,12.587,26.0,327.262,6
2026-07-04 00:17:55,5.984,12.587,32.07,403.665,6
2026-07-04 00:17:55,5.984,12.587,32.07,403.665,6
2026-07-04 00:17:55,5.984,12.587,32.07,403.665,6
2026-07-04 00:17:55,5.979,12.587,26.0,327.262,6
2026-07-04 00:17:55,5.979,12.587,26.0,327.262,6
2026-07-04 00:17:55,5.976,12.587,33.65,423.553,7
2026-07-04 00:17:55,5.976,12.587,33.65,423.553,7
2026-07-04 00:17:56,5.976,12.587,33.65,423.553,7
2026-07-04 00:17:56,6.016,12.587,25.84,325.248,7
2026-07-04 00:17:56,6.016,12.587,25.84,325.248,7
2026-07-04 00:17:56,6.32,12.587,26.33,331.416,7
2026-07-04 00:17:56,6.32,12.587,26.33,331.416,7
2026-07-04 00:17:56,6.32,12.587,26.33,331.416,7
2026-07-04 00:17:56,6.637,12.587,25.92,326.255,7
2026-07-04 00:17:56,6.637,12.587,25.92,326.255,7
2026-07-04 00:17:56,6.796,12.587,26.0,327.262,7
2026-07-04 00:17:56,6.796,12.587,26.0,327.262,7
2026-07-04 00:17:57,6.796,12.587,26.0,327.262,7
2026-07-04 00:17:57,6.878,12.587,28.0,352.436,7
2026-07-04 00:17:57,6.878,12.587,28.0,352.436,7
2026-07-04 00:17:57,6.918,12.587,25.84,325.248,7
2026-07-04 00:17:57,6.918,12.587,25.84,325.248,7
2026-07-04 00:17:57,6.918,12.587,25.84,325.248,7
2026-07-04 00:17:57,6.938,12.587,28.91,363.89,7
2026-07-04 00:17:57,6.938,12.587,28.91,363.89,7
2026-07-04 00:17:57,6.942,12.587,25.67,323.108,7
2026-07-04 00:17:57,6.942,12.587,25.67,323.108,7
2026-07-04 00:17:58,6.942,12.587,25.67,323.108,7
2026-07-04 00:17:58,6.948,12.587,33.56,422.42,7
2026-07-04 00:17:58,6.948,12.587,33.56,422.42,7
2026-07-04 00:17:58,6.956,12.587,26.92,338.842,7
2026-07-04 00:17:58,6.956,12.587,26.92,338.842,7
2026-07-04 00:17:58,6.956,12.587,26.92,338.842,7
2026-07-04 00:17:58,6.964,12.587,26.25,330.409,7
2026-07-04 00:17:58,6.964,12.587,26.25,330.409,7
2026-07-04 00:17:58,6.974,12.587,27.66,348.156,7
2026-07-04 00:17:58,6.974,12.587,27.66,348.156,7
2026-07-04 00:17:59,6.974,12.587,27.66,348.156,7
2026-07-04 00:17:59,6.979,12.587,25.92,326.255,7
2026-07-04 00:17:59,6.979,12.587,25.92,326.255,7
2026-07-04 00:17:59,6.989,12.587,33.81,425.566,7
2026-07-04 00:17:59,6.989,12.587,33.81,425.566,7
2026-07-04 00:17:59,6.989,12.587,33.81,425.566,7
2026-07-04 00:17:59,6.995,12.587,25.84,325.248,7
2026-07-04 00:17:59,6.995,12.587,25.84,325.248,7
2026-07-04 00:17:59,6.998,12.587,33.31,419.273,7
2026-07-04 00:17:59,6.998,12.587,33.31,419.273,7
2026-07-04 00:18:00,6.998,12.587,33.31,419.273,7
2026-07-04 00:18:00,6.998,12.587,25.75,324.115,7
2026-07-04 00:18:00,6.998,12.587,25.75,324.115,7
2026-07-04 00:18:00,6.998,12.587,25.92,326.255,7
2026-07-04 00:18:00,6.998,12.587,25.92,326.255,7
2026-07-04 00:18:00,6.998,12.587,25.92,326.255,7
2026-07-04 00:18:00,6.999,12.587,25.84,325.248,7
2026-07-04 00:18:00,6.999,12.587,25.84,325.248,7
2026-07-04 00:18:00,6.996,12.587,25.92,326.255,7
2026-07-04 00:18:00,6.996,12.587,25.92,326.255,7
2026-07-04 00:18:01,6.996,12.587,25.92,326.255,7
2026-07-04 00:18:01,6.993,12.587,29.57,372.198,7
2026-07-04 00:18:01,6.993,12.587,29.57,372.198,7
2026-07-04 00:18:01,6.988,12.587,25.67,323.108,7
2026-07-04 00:18:01,6.988,12.587,25.67,323.108,7
2026-07-04 00:18:01,6.988,12.587,25.67,323.108,7
2026-07-04 00:18:01,6.987,12.587,33.06,416.126,7
2026-07-04 00:18:01,6.987,12.587,33.06,416.126,7
2026-07-04 00:18:01,6.98,12.587,25.67,323.108,7
2026-07-04 00:18:01,6.98,12.587,25.67,323.108,7
2026-07-04 00:18:02,6.98,12.587,25.67,323.108,7
2026-07-04 00:18:02,6.976,12.587,33.06,416.126,7
2026-07-04 00:18:02,6.976,12.587,33.06,416.126,7
2026-07-04 00:18:02,6.972,12.587,28.08,353.443,7
2026-07-04 00:18:02,6.972,12.587,28.08,353.443,7
2026-07-04 00:18:02,6.967,12.587,25.92,326.255,7
2026-07-04 00:18:02,6.967,12.587,25.92,326.255,7
2026-07-04 00:18:02,6.967,12.587,25.92,326.255,7
2026-07-04 00:18:02,6.967,12.587,32.32,406.812,7
2026-07-04 00:18:03,6.967,12.587,32.32,406.812,7
2026-07-04 00:18:03,6.963,12.587,25.92,326.255,7
2026-07-04 00:18:03,6.963,12.587,25.92,326.255,7
2026-07-04 00:18:03,6.963,12.587,25.92,326.255,7
2026-07-04 00:18:03,6.963,12.587,30.16,379.624,7
2026-07-04 00:18:03,6.963,12.587,30.16,379.624,7
2026-07-04 00:18:03,6.969,12.587,25.67,323.108,7
2026-07-04 00:18:03,6.969,12.587,25.67,323.108,7
2026-07-04 00:18:03,6.969,12.587,25.67,323.108,7
2026-07-04 00:18:03,6.978,12.587,29.82,375.344,7
2026-07-04 00:18:04,6.978,12.587,29.82,375.344,7
2026-07-04 00:18:04,6.985,12.587,25.67,323.108,7
2026-07-04 00:18:04,6.985,12.587,25.67,323.108,7
2026-07-04 00:18:04,6.985,12.587,25.67,323.108,7
2026-07-04 00:18:04,6.992,12.587,25.92,326.255,7
2026-07-04 00:18:04,6.992,12.587,25.92,326.255,7
2026-07-04 00:18:04,6.998,12.587,28.58,359.736,7
2026-07-04 00:18:04,6.998,12.587,28.58,359.736,7
2026-07-04 00:18:04,6.998,12.587,28.58,359.736,7
2026-07-04 00:18:04,7.001,12.587,25.75,324.115,7
2026-07-04 00:18:05,7.001,12.587,25.75,324.115,7
2026-07-04 00:18:05,7.004,12.587,31.32,394.225,7
2026-07-04 00:18:05,7.004,12.587,31.32,394.225,7
2026-07-04 00:18:05,7.004,12.587,31.32,394.225,7
2026-07-04 00:18:05,7.002,12.587,25.67,323.108,7
2026-07-04 00:18:05,7.002,12.587,25.67,323.108,7
2026-07-04 00:18:05,7.001,12.587,32.65,410.966,7
2026-07-04 00:18:05,7.001,12.587,32.65,410.966,7
2026-07-04 00:18:05,7.001,12.587,32.65,410.966,7
2026-07-04 00:18:05,6.997,12.587,25.67,323.108,7
2026-07-04 00:18:06,6.997,12.587,25.67,323.108,7
2026-07-04 00:18:06,6.99,12.587,31.98,402.532,7
2026-07-04 00:18:06,6.99,12.587,31.98,402.532,7
2026-07-04 00:18:06,6.99,12.587,31.98,402.532,7
2026-07-04 00:18:06,6.985,12.587,26.17,329.402,7
2026-07-04 00:18:06,6.985,12.587,26.17,329.402,7
2026-07-04 00:18:06,6.977,12.587,25.92,326.255,7
2026-07-04 00:18:06,6.977,12.587,25.92,326.255,7
2026-07-04 00:18:06,6.977,12.587,25.92,326.255,7
2026-07-04 00:18:06,6.973,12.587,33.98,427.706,7
2026-07-04 00:18:07,6.973,12.587,33.98,427.706,7
2026-07-04 00:18:07,6.969,12.587,25.92,326.255,7
2026-07-04 00:18:07,6.969,12.587,25.92,326.255,7
2026-07-04 00:18:07,6.969,12.587,25.92,326.255,7
2026-07-04 00:18:07,6.965,12.587,32.4,407.819,7
2026-07-04 00:18:07,6.965,12.587,32.4,407.819,7
2026-07-04 00:18:07,6.962,12.587,25.67,323.108,7
2026-07-04 00:18:07,6.962,12.587,25.67,323.108,7
2026-07-04 00:18:07,6.962,12.587,25.67,323.108,7
2026-07-04 00:18:07,6.963,12.587,28.0,352.436,7
2026-07-04 00:18:08,6.963,12.587,28.0,352.436,7
2026-07-04 00:18:08,6.963,12.587,25.67,323.108,7
2026-07-04 00:18:08,6.963,12.587,25.67,323.108,7
2026-07-04 00:18:08,6.963,12.587,25.67,323.108,7
2026-07-04 00:18:08,6.962,12.587,25.92,326.255,7
2026-07-04 00:18:08,6.962,12.587,25.92,326.255,7
2026-07-04 00:18:08,6.964,12.587,27.5,346.143,7
2026-07-04 00:18:08,6.964,12.587,27.5,346.143,7
2026-07-04 00:18:08,6.964,12.587,27.5,346.143,7
2026-07-04 00:18:08,6.964,12.587,25.67,323.108,7
2026-07-04 00:18:09,6.964,12.587,25.67,323.108,7
2026-07-04 00:18:09,6.969,12.587,33.23,418.266,7
2026-07-04 00:18:09,6.969,12.587,33.23,418.266,7
2026-07-04 00:18:09,6.969,12.587,33.23,418.266,7
2026-07-04 00:18:09,6.969,12.587,25.67,323.108,7
2026-07-04 00:18:09,6.969,12.587,25.67,323.108,7
2026-07-04 00:18:09,6.973,12.587,30.74,386.924,7
2026-07-04 00:18:09,6.973,12.587,30.74,386.924,7
2026-07-04 00:18:09,6.981,12.587,25.84,325.248,7
2026-07-04 00:18:09,6.981,12.587,25.84,325.248,7
2026-07-04 00:18:10,6.981,12.587,25.84,325.248,7
2026-07-04 00:18:10,6.988,12.587,29.16,367.037,7
2026-07-04 00:18:10,6.988,12.587,29.16,367.037,7
2026-07-04 00:18:10,6.995,12.587,29.16,367.037,7
2026-07-04 00:18:10,6.995,12.587,29.16,367.037,7
2026-07-04 00:18:10,6.995,12.587,29.16,367.037,7
2026-07-04 00:18:10,6.997,12.587,25.92,326.255,7
2026-07-04 00:18:10,6.997,12.587,25.92,326.255,7
2026-07-04 00:18:10,6.999,12.587,30.99,390.071,7
2026-07-04 00:18:10,6.999,12.587,30.99,390.071,7
2026-07-04 00:18:11,6.999,12.587,30.99,390.071,7
2026-07-04 00:18:11,6.999,12.587,25.67,323.108,7
2026-07-04 00:18:11,6.999,12.587,25.67,323.108,7
2026-07-04 00:18:11,6.998,12.587,29.91,376.477,7
2026-07-04 00:18:11,6.998,12.587,29.91,376.477,7
2026-07-04 00:18:11,6.998,12.587,29.91,376.477,7
2026-07-04 00:18:11,6.994,12.587,25.67,323.108,7
2026-07-04 00:18:11,6.994,12.587,25.67,323.108,7
2026-07-04 00:18:11,6.99,12.587,25.92,326.255,7
2026-07-04 00:18:11,6.99,12.587,25.92,326.255,7
2026-07-04 00:18:12,6.99,12.587,25.92,326.255,7
2026-07-04 00:18:12,6.988,12.587,25.75,324.115,7
2026-07-04 00:18:12,6.988,12.587,25.75,324.115,7
2026-07-04 00:18:12,6.981,12.587,25.84,325.248,7
2026-07-04 00:18:12,6.981,12.587,25.84,325.248,7
2026-07-04 00:18:12,6.981,12.587,25.84,325.248,7
2026-07-04 00:18:12,6.978,12.587,30.24,380.631,7
2026-07-04 00:18:12,6.978,12.587,30.24,380.631,7
2026-07-04 00:18:12,6.974,12.587,25.67,323.108,7
2026-07-04 00:18:12,6.974,12.587,25.67,323.108,7
2026-07-04 00:18:13,6.974,12.587,25.67,323.108,7
2026-07-04 00:18:13,6.973,12.587,31.49,396.365,7
2026-07-04 00:18:13,6.973,12.587,31.49,396.365,7
2026-07-04 00:18:13,6.972,12.587,25.67,323.108,7
2026-07-04 00:18:13,6.972,12.587,25.67,323.108,7
2026-07-04 00:18:13,6.972,12.587,25.67,323.108,7
2026-07-04 00:18:13,6.969,12.587,27.58,347.149,7
2026-07-04 00:18:13,6.969,12.587,27.58,347.149,7
2026-07-04 00:18:13,6.968,12.587,32.23,405.679,7
2026-07-04 00:18:13,6.968,12.587,32.23,405.679,7
2026-07-04 00:18:14,6.968,12.587,32.23,405.679,7
2026-07-04 00:18:14,6.97,12.587,25.92,326.255,7
2026-07-04 00:18:14,6.97,12.587,25.92,326.255,7
2026-07-04 00:18:14,6.975,12.587,33.15,417.259,7
2026-07-04 00:18:14,6.975,12.587,33.15,417.259,7
2026-07-04 00:18:14,6.975,12.587,33.15,417.259,7
2026-07-04 00:18:14,6.978,12.587,25.84,325.248,7
2026-07-04 00:18:14,6.978,12.587,25.84,325.248,7
2026-07-04 00:18:14,6.984,12.587,28.25,355.583,7
2026-07-04 00:18:14,6.984,12.587,28.25,355.583,7
2026-07-04 00:18:15,6.984,12.587,28.25,355.583,7
2026-07-04 00:18:15,6.988,12.587,25.67,323.108,7
2026-07-04 00:18:15,6.988,12.587,25.67,323.108,7
2026-07-04 00:18:15,6.99,12.587,25.92,326.255,7
2026-07-04 00:18:15,6.99,12.587,25.92,326.255,7
2026-07-04 00:18:15,6.99,12.587,25.92,326.255,7
2026-07-04 00:18:15,6.991,12.587,25.67,323.108,7
2026-07-04 00:18:15,6.991,12.587,25.67,323.108,7
