Timestamp,Vz(m/s),Voltage(V),Current(A),Power(W),TargetVz(m/s),CurrentAlt(m)
2026-06-24 15:54:06,0.041,12.587,28.08,353.443,-0.5,160.0
2026-06-24 15:54:06,0.041,12.587,28.08,353.443,-0.5,160.0
2026-06-24 15:54:06,0.031,12.587,27.91,351.303,-0.5,159.94
2026-06-24 15:54:06,0.031,12.587,27.91,351.303,-0.5,159.94
2026-06-24 15:54:06,-0.136,12.587,25.42,319.962,-0.5,159.92
2026-06-24 15:54:06,-0.136,12.587,25.42,319.962,-0.5,159.92
2026-06-24 15:54:06,-0.136,12.587,25.42,319.962,-0.5,159.92
2026-06-24 15:54:07,-0.368,12.587,25.42,319.962,-0.5,159.85
2026-06-24 15:54:07,-0.368,12.587,25.42,319.962,-0.5,159.85
2026-06-24 15:54:07,-0.49,12.587,26.83,337.709,-0.5,159.74
2026-06-24 15:54:07,-0.49,12.587,26.83,337.709,-0.5,159.74
2026-06-24 15:54:07,-0.49,12.587,26.83,337.709,-0.5,159.74
2026-06-24 15:54:07,-0.53,12.587,27.41,345.01,-0.5,159.61
2026-06-24 15:54:07,-0.53,12.587,27.41,345.01,-0.5,159.61
2026-06-24 15:54:07,-0.529,12.587,27.83,350.296,-0.5,159.47
2026-06-24 15:54:07,-0.529,12.587,27.83,350.296,-0.5,159.47
2026-06-24 15:54:07,-0.529,12.587,27.83,350.296,-0.5,159.47
2026-06-24 15:54:08,-0.512,12.587,27.91,351.303,-0.5,159.33
2026-06-24 15:54:08,-0.512,12.587,27.91,351.303,-0.5,159.33
2026-06-24 15:54:08,-0.494,12.587,27.91,351.303,-0.5,159.2
2026-06-24 15:54:08,-0.494,12.587,27.91,351.303,-0.5,159.2
2026-06-24 15:54:08,-0.48,12.587,27.91,351.303,-0.5,159.07
2026-06-24 15:54:08,-0.48,12.587,27.91,351.303,-0.5,159.07
2026-06-24 15:54:08,-0.48,12.587,27.91,351.303,-0.5,159.07
2026-06-24 15:54:08,-0.472,12.587,27.83,350.296,-0.5,158.95
2026-06-24 15:54:08,-0.472,12.587,27.83,350.296,-0.5,158.95
2026-06-24 15:54:08,-0.472,12.587,27.83,350.296,-0.5,158.95
2026-06-24 15:54:09,-0.469,12.587,27.83,350.296,-0.5,158.82
2026-06-24 15:54:09,-0.469,12.587,27.83,350.296,-0.5,158.82
2026-06-24 15:54:09,-0.468,12.587,27.75,349.289,-0.5,158.7
2026-06-24 15:54:09,-0.468,12.587,27.75,349.289,-0.5,158.7
2026-06-24 15:54:09,-0.468,12.587,27.75,349.289,-0.5,158.7
2026-06-24 15:54:09,-0.469,12.587,27.75,349.289,-0.5,158.57
2026-06-24 15:54:09,-0.469,12.587,27.75,349.289,-0.5,158.57
2026-06-24 15:54:09,-0.47,12.587,27.75,349.289,-0.5,158.45
2026-06-24 15:54:09,-0.47,12.587,27.75,349.289,-0.5,158.45
2026-06-24 15:54:09,-0.47,12.587,27.75,349.289,-0.5,158.45
2026-06-24 15:54:10,-0.471,12.587,27.75,349.289,-0.5,158.33
2026-06-24 15:54:10,-0.471,12.587,27.75,349.289,-0.5,158.33
2026-06-24 15:54:10,-0.472,12.587,27.75,349.289,-0.5,158.2
2026-06-24 15:54:10,-0.472,12.587,27.75,349.289,-0.5,158.2
2026-06-24 15:54:10,-0.472,12.587,27.75,349.289,-0.5,158.08
2026-06-24 15:54:10,-0.472,12.587,27.75,349.289,-0.5,158.08
2026-06-24 15:54:10,-0.472,12.587,27.75,349.289,-0.5,158.08
2026-06-24 15:54:10,-0.472,12.587,27.83,350.296,-0.5,157.95
2026-06-24 15:54:10,-0.472,12.587,27.83,350.296,-0.5,157.95
2026-06-24 15:54:11,-0.472,12.587,27.75,349.289,-0.5,157.83
2026-06-24 15:54:11,-0.472,12.587,27.75,349.289,-0.5,157.83
2026-06-24 15:54:11,-0.472,12.587,27.75,349.289,-0.5,157.83
2026-06-24 15:54:11,-0.472,12.587,27.83,350.296,-0.5,157.7
2026-06-24 15:54:11,-0.472,12.587,27.83,350.296,-0.5,157.7
2026-06-24 15:54:11,-0.471,12.587,27.75,349.289,-0.5,157.58
2026-06-24 15:54:11,-0.471,12.587,27.75,349.289,-0.5,157.58
2026-06-24 15:54:11,-0.471,12.587,27.75,349.289,-0.5,157.58
2026-06-24 15:54:11,-0.472,12.587,27.75,349.289,-0.5,157.45
2026-06-24 15:54:11,-0.472,12.587,27.75,349.289,-0.5,157.45
2026-06-24 15:54:12,-0.473,12.587,27.75,349.289,-0.5,157.33
2026-06-24 15:54:12,-0.473,12.587,27.75,349.289,-0.5,157.33
2026-06-24 15:54:12,-0.473,12.587,27.75,349.289,-0.5,157.33
2026-06-24 15:54:12,-0.473,12.587,27.75,349.289,-0.5,157.2
2026-06-24 15:54:12,-0.473,12.587,27.75,349.289,-0.5,157.2
2026-06-24 15:54:12,-0.473,12.587,27.75,349.289,-0.5,157.08
2026-06-24 15:54:12,-0.473,12.587,27.75,349.289,-0.5,157.08
2026-06-24 15:54:12,-0.473,12.587,27.75,349.289,-0.5,157.08
2026-06-24 15:54:12,-0.473,12.587,27.75,349.289,-0.5,156.95
2026-06-24 15:54:12,-0.473,12.587,27.75,349.289,-0.5,156.95
2026-06-24 15:54:13,-0.474,12.587,27.75,349.289,-0.5,156.83
2026-06-24 15:54:13,-0.474,12.587,27.75,349.289,-0.5,156.83
2026-06-24 15:54:13,-0.474,12.587,27.75,349.289,-0.5,156.83
2026-06-24 15:54:13,-0.474,12.587,27.75,349.289,-0.5,156.7
2026-06-24 15:54:13,-0.474,12.587,27.75,349.289,-0.5,156.7
2026-06-24 15:54:13,-0.474,12.587,27.75,349.289,-0.5,156.58
2026-06-24 15:54:13,-0.474,12.587,27.75,349.289,-0.5,156.58
2026-06-24 15:54:13,-0.474,12.587,27.75,349.289,-0.5,156.58
2026-06-24 15:54:13,-0.474,12.587,27.75,349.289,-0.5,156.45
2026-06-24 15:54:13,-0.474,12.587,27.75,349.289,-0.5,156.45
2026-06-24 15:54:14,-0.474,12.587,27.75,349.289,-0.5,156.33
2026-06-24 15:54:14,-0.474,12.587,27.75,349.289,-0.5,156.33
2026-06-24 15:54:14,-0.474,12.587,27.75,349.289,-0.5,156.33
2026-06-24 15:54:14,-0.475,12.587,27.75,349.289,-0.5,156.2
2026-06-24 15:54:14,-0.475,12.587,27.75,349.289,-0.5,156.2
2026-06-24 15:54:14,-0.475,12.587,27.75,349.289,-0.5,156.08
2026-06-24 15:54:14,-0.475,12.587,27.75,349.289,-0.5,156.08
2026-06-24 15:54:14,-0.475,12.587,27.75,349.289,-0.5,156.08
2026-06-24 15:54:14,-0.475,12.587,27.75,349.289,-0.5,155.96
2026-06-24 15:54:14,-0.475,12.587,27.75,349.289,-0.5,155.96
2026-06-24 15:54:15,-0.476,12.587,27.83,350.296,-0.5,155.83
2026-06-24 15:54:15,-0.476,12.587,27.83,350.296,-0.5,155.83
2026-06-24 15:54:15,-0.476,12.587,27.83,350.296,-0.5,155.83
2026-06-24 15:54:15,-0.476,12.587,27.75,349.289,-0.5,155.7
2026-06-24 15:54:15,-0.476,12.587,27.75,349.289,-0.5,155.7
2026-06-24 15:54:15,-0.476,12.587,27.75,349.289,-0.5,155.58
2026-06-24 15:54:15,-0.476,12.587,27.75,349.289,-0.5,155.58
2026-06-24 15:54:15,-0.476,12.587,27.75,349.289,-0.5,155.58
2026-06-24 15:54:15,-0.477,12.587,27.75,349.289,-0.5,155.46
2026-06-24 15:54:15,-0.477,12.587,27.75,349.289,-0.5,155.46
2026-06-24 15:54:16,-0.477,12.587,27.75,349.289,-0.5,155.33
2026-06-24 15:54:16,-0.477,12.587,27.75,349.289,-0.5,155.33
2026-06-24 15:54:16,-0.477,12.587,27.75,349.289,-0.5,155.33
2026-06-24 15:54:16,-0.477,12.587,27.75,349.289,-0.5,155.21
2026-06-24 15:54:16,-0.477,12.587,27.75,349.289,-0.5,155.21
2026-06-24 15:54:16,-0.478,12.587,27.75,349.289,-0.5,155.08
2026-06-24 15:54:16,-0.478,12.587,27.75,349.289,-0.5,155.08
2026-06-24 15:54:16,-0.478,12.587,27.75,349.289,-0.5,154.96
2026-06-24 15:54:16,-0.478,12.587,27.75,349.289,-0.5,154.96
2026-06-24 15:54:16,-0.478,12.587,27.75,349.289,-0.5,154.96
2026-06-24 15:54:17,-0.479,12.587,27.75,349.289,-0.5,154.83
2026-06-24 15:54:17,-0.479,12.587,27.75,349.289,-0.5,154.83
2026-06-24 15:54:17,-0.479,12.587,27.75,349.289,-0.5,154.71
2026-06-24 15:54:17,-0.479,12.587,27.75,349.289,-0.5,154.71
2026-06-24 15:54:17,-0.479,12.587,27.75,349.289,-0.5,154.71
2026-06-24 15:54:17,-0.48,12.587,27.75,349.289,-0.5,154.58
2026-06-24 15:54:17,-0.48,12.587,27.75,349.289,-0.5,154.58
2026-06-24 15:54:17,-0.48,12.587,27.75,349.289,-0.5,154.46
2026-06-24 15:54:17,-0.48,12.587,27.75,349.289,-0.5,154.46
2026-06-24 15:54:17,-0.48,12.587,27.75,349.289,-0.5,154.46
2026-06-24 15:54:18,-0.48,12.587,27.75,349.289,-0.5,154.33
2026-06-24 15:54:18,-0.48,12.587,27.75,349.289,-0.5,154.33
2026-06-24 15:54:18,-0.481,12.587,27.75,349.289,-0.5,154.21
2026-06-24 15:54:18,-0.481,12.587,27.75,349.289,-0.5,154.21
2026-06-24 15:54:18,-0.481,12.587,27.75,349.289,-0.5,154.21
2026-06-24 15:54:18,-0.481,12.587,27.75,349.289,-0.5,154.09
2026-06-24 15:54:18,-0.481,12.587,27.75,349.289,-0.5,154.09
2026-06-24 15:54:18,-0.481,12.587,27.75,349.289,-0.5,153.96
2026-06-24 15:54:18,-0.481,12.587,27.75,349.289,-0.5,153.96
2026-06-24 15:54:18,-0.481,12.587,27.75,349.289,-0.5,153.96
2026-06-24 15:54:19,-0.482,12.587,27.75,349.289,-0.5,153.84
2026-06-24 15:54:19,-0.482,12.587,27.75,349.289,-0.5,153.84
2026-06-24 15:54:19,-0.482,12.587,27.75,349.289,-0.5,153.71
2026-06-24 15:54:19,-0.482,12.587,27.75,349.289,-0.5,153.71
2026-06-24 15:54:19,-0.482,12.587,27.75,349.289,-0.5,153.71
2026-06-24 15:54:19,-0.483,12.587,27.75,349.289,-0.5,153.59
2026-06-24 15:54:19,-0.483,12.587,27.75,349.289,-0.5,153.59
2026-06-24 15:54:19,-0.483,12.587,27.75,349.289,-0.5,153.46
2026-06-24 15:54:19,-0.483,12.587,27.75,349.289,-0.5,153.46
2026-06-24 15:54:19,-0.483,12.587,27.75,349.289,-0.5,153.46
2026-06-24 15:54:20,-0.483,12.587,27.75,349.289,-0.5,153.34
2026-06-24 15:54:20,-0.483,12.587,27.75,349.289,-0.5,153.34
2026-06-24 15:54:20,-0.483,12.587,27.75,349.289,-0.5,153.21
2026-06-24 15:54:20,-0.483,12.587,27.75,349.289,-0.5,153.21
2026-06-24 15:54:20,-0.483,12.587,27.75,349.289,-0.5,153.21
2026-06-24 15:54:20,-0.483,12.587,27.75,349.289,-0.5,153.09
2026-06-24 15:54:20,-0.483,12.587,27.75,349.289,-0.5,153.09
2026-06-24 15:54:20,-0.483,12.587,27.75,349.289,-0.5,152.96
2026-06-24 15:54:20,-0.483,12.587,27.75,349.289,-0.5,152.96
2026-06-24 15:54:20,-0.483,12.587,27.75,349.289,-0.5,152.96
2026-06-24 15:54:21,-0.483,12.587,27.75,349.289,-0.5,152.84
2026-06-24 15:54:21,-0.483,12.587,27.75,349.289,-0.5,152.84
2026-06-24 15:54:21,-0.484,12.587,27.75,349.289,-0.5,152.71
2026-06-24 15:54:21,-0.484,12.587,27.75,349.289,-0.5,152.71
2026-06-24 15:54:21,-0.484,12.587,27.75,349.289,-0.5,152.71
2026-06-24 15:54:21,-0.485,12.587,27.75,349.289,-0.5,152.59
2026-06-24 15:54:21,-0.485,12.587,27.75,349.289,-0.5,152.59
2026-06-24 15:54:21,-0.485,12.587,27.75,349.289,-0.5,152.46
2026-06-24 15:54:21,-0.485,12.587,27.75,349.289,-0.5,152.46
2026-06-24 15:54:21,-0.485,12.587,27.75,349.289,-0.5,152.46
2026-06-24 15:54:22,-0.485,12.587,27.75,349.289,-0.5,152.34
2026-06-24 15:54:22,-0.485,12.587,27.75,349.289,-0.5,152.34
2026-06-24 15:54:22,-0.484,12.587,27.75,349.289,-0.5,152.21
2026-06-24 15:54:22,-0.484,12.587,27.75,349.289,-0.5,152.21
2026-06-24 15:54:22,-0.484,12.587,27.75,349.289,-0.5,152.21
2026-06-24 15:54:22,-0.485,12.587,27.75,349.289,-0.5,152.09
2026-06-24 15:54:22,-0.485,12.587,27.75,349.289,-0.5,152.09
2026-06-24 15:54:22,-0.486,12.587,27.75,349.289,-0.5,151.96
2026-06-24 15:54:22,-0.486,12.587,27.75,349.289,-0.5,151.96
2026-06-24 15:54:22,-0.486,12.587,27.75,349.289,-0.5,151.96
2026-06-24 15:54:23,-0.486,12.587,27.75,349.289,-0.5,151.84
2026-06-24 15:54:23,-0.486,12.587,27.75,349.289,-0.5,151.84
2026-06-24 15:54:23,-0.486,12.587,27.75,349.289,-0.5,151.72
2026-06-24 15:54:23,-0.486,12.587,27.75,349.289,-0.5,151.72
2026-06-24 15:54:23,-0.486,12.587,27.75,349.289,-0.5,151.72
2026-06-24 15:54:23,-0.487,12.587,27.75,349.289,-0.5,151.59
2026-06-24 15:54:23,-0.487,12.587,27.75,349.289,-0.5,151.59
2026-06-24 15:54:23,-0.487,12.587,27.75,349.289,-0.5,151.46
2026-06-24 15:54:23,-0.487,12.587,27.75,349.289,-0.5,151.46
2026-06-24 15:54:23,-0.487,12.587,27.75,349.289,-0.5,151.46
2026-06-24 15:54:24,-0.487,12.587,27.75,349.289,-0.5,151.34
2026-06-24 15:54:24,-0.487,12.587,27.75,349.289,-0.5,151.34
2026-06-24 15:54:24,-0.487,12.587,27.75,349.289,-0.5,151.22
2026-06-24 15:54:24,-0.487,12.587,27.75,349.289,-0.5,151.22
2026-06-24 15:54:24,-0.487,12.587,27.75,349.289,-0.5,151.22
2026-06-24 15:54:24,-0.488,12.587,27.75,349.289,-0.5,151.09
2026-06-24 15:54:24,-0.488,12.587,27.75,349.289,-0.5,151.09
2026-06-24 15:54:24,-0.487,12.587,27.75,349.289,-0.5,150.97
2026-06-24 15:54:24,-0.487,12.587,27.75,349.289,-0.5,150.97
2026-06-24 15:54:24,-0.487,12.587,27.75,349.289,-0.5,150.97
2026-06-24 15:54:25,-0.488,12.587,27.75,349.289,-0.5,150.84
2026-06-24 15:54:25,-0.488,12.587,27.75,349.289,-0.5,150.84
2026-06-24 15:54:25,-0.487,12.587,27.75,349.289,-0.5,150.72
2026-06-24 15:54:25,-0.487,12.587,27.75,349.289,-0.5,150.72
2026-06-24 15:54:25,-0.488,12.587,27.75,349.289,-0.5,150.59
2026-06-24 15:54:25,-0.488,12.587,27.75,349.289,-0.5,150.59
2026-06-24 15:54:25,-0.488,12.587,27.75,349.289,-0.5,150.59
2026-06-24 15:54:25,-0.488,12.587,27.75,349.289,-0.5,150.46
2026-06-24 15:54:25,-0.488,12.587,27.75,349.289,-0.5,150.46
2026-06-24 15:54:25,-0.488,12.587,27.75,349.289,-0.5,150.34
2026-06-24 15:54:26,-0.488,12.587,27.75,349.289,-0.5,150.34
2026-06-24 15:54:26,-0.488,12.587,27.75,349.289,-0.5,150.34
2026-06-24 15:54:26,-0.489,12.587,27.75,349.289,-0.5,150.22
2026-06-24 15:54:26,-0.489,12.587,27.75,349.289,-0.5,150.22
2026-06-24 15:54:26,-0.489,12.587,27.75,349.289,-0.5,150.09
2026-06-24 15:54:26,-0.489,12.587,27.75,349.289,-0.5,150.09
2026-06-24 15:54:26,-0.489,12.587,27.75,349.289,-0.5,150.09
2026-06-24 15:54:26,-0.49,12.587,27.75,349.289,-0.5,149.97
2026-06-24 15:54:26,-0.49,12.587,27.75,349.289,-0.5,149.97
2026-06-24 15:54:27,-0.49,12.587,27.75,349.289,-0.5,149.84
2026-06-24 15:54:27,-0.49,12.587,27.75,349.289,-0.5,149.84
2026-06-24 15:54:27,-0.49,12.587,27.75,349.289,-0.5,149.84
2026-06-24 15:54:27,-0.49,12.587,27.75,349.289,-0.5,149.72
2026-06-24 15:54:27,-0.49,12.587,27.75,349.289,-0.5,149.72
2026-06-24 15:54:27,-0.491,12.587,27.75,349.289,-0.5,149.59
2026-06-24 15:54:27,-0.491,12.587,27.75,349.289,-0.5,149.59
2026-06-24 15:54:27,-0.491,12.587,27.75,349.289,-0.5,149.59
2026-06-24 15:54:27,-0.491,12.587,27.75,349.289,-0.5,149.47
2026-06-24 15:54:27,-0.491,12.587,27.75,349.289,-0.5,149.47
2026-06-24 15:54:28,-0.491,12.587,27.75,349.289,-0.5,149.34
2026-06-24 15:54:28,-0.491,12.587,27.75,349.289,-0.5,149.34
2026-06-24 15:54:28,-0.491,12.587,27.75,349.289,-0.5,149.34
2026-06-24 15:54:28,-0.491,12.587,27.75,349.289,-0.5,149.22
2026-06-24 15:54:28,-0.491,12.587,27.75,349.289,-0.5,149.22
2026-06-24 15:54:28,-0.491,12.587,27.75,349.289,-0.5,149.09
2026-06-24 15:54:28,-0.491,12.587,27.75,349.289,-0.5,149.09
2026-06-24 15:54:28,-0.491,12.587,27.75,349.289,-0.5,149.09
2026-06-24 15:54:28,-0.491,12.587,27.75,349.289,-0.5,148.97
2026-06-24 15:54:28,-0.491,12.587,27.75,349.289,-0.5,148.97
2026-06-24 15:54:29,-0.491,12.587,27.75,349.289,-0.5,148.84
2026-06-24 15:54:29,-0.491,12.587,27.75,349.289,-0.5,148.84
2026-06-24 15:54:29,-0.491,12.587,27.75,349.289,-0.5,148.84
2026-06-24 15:54:29,-0.49,12.587,27.75,349.289,-0.5,148.72
2026-06-24 15:54:29,-0.49,12.587,27.75,349.289,-0.5,148.72
2026-06-24 15:54:29,-0.491,12.587,27.75,349.289,-0.5,148.59
2026-06-24 15:54:29,-0.491,12.587,27.75,349.289,-0.5,148.59
2026-06-24 15:54:29,-0.491,12.587,27.75,349.289,-0.5,148.59
2026-06-24 15:54:29,-0.491,12.587,27.75,349.289,-0.5,148.47
2026-06-24 15:54:29,-0.491,12.587,27.75,349.289,-0.5,148.47
2026-06-24 15:54:30,-0.491,12.587,27.75,349.289,-0.5,148.34
2026-06-24 15:54:30,-0.491,12.587,27.75,349.289,-0.5,148.34
2026-06-24 15:54:30,-0.491,12.587,27.75,349.289,-0.5,148.34
2026-06-24 15:54:30,-0.491,12.587,27.75,349.289,-0.5,148.22
2026-06-24 15:54:30,-0.491,12.587,27.75,349.289,-0.5,148.22
2026-06-24 15:54:30,-0.491,12.587,27.75,349.289,-0.5,148.09
2026-06-24 15:54:30,-0.491,12.587,27.75,349.289,-0.5,148.09
2026-06-24 15:54:30,-0.491,12.587,27.75,349.289,-0.5,148.09
2026-06-24 15:54:30,-0.491,12.587,27.75,349.289,-0.5,147.97
2026-06-24 15:54:30,-0.491,12.587,27.75,349.289,-0.5,147.97
2026-06-24 15:54:31,-0.491,12.587,27.75,349.289,-0.5,147.84
2026-06-24 15:54:31,-0.491,12.587,27.75,349.289,-0.5,147.84
2026-06-24 15:54:31,-0.491,12.587,27.75,349.289,-0.5,147.84
2026-06-24 15:54:31,-0.491,12.587,27.75,349.289,-0.5,147.72
2026-06-24 15:54:31,-0.491,12.587,27.75,349.289,-0.5,147.72
2026-06-24 15:54:31,-0.491,12.587,27.75,349.289,-0.5,147.59
2026-06-24 15:54:31,-0.491,12.587,27.75,349.289,-0.5,147.59
2026-06-24 15:54:31,-0.491,12.587,27.75,349.289,-0.5,147.59
2026-06-24 15:54:31,-0.491,12.587,27.75,349.289,-0.5,147.47
2026-06-24 15:54:31,-0.491,12.587,27.75,349.289,-0.5,147.47
2026-06-24 15:54:32,-0.491,12.587,27.75,349.289,-0.5,147.34
2026-06-24 15:54:32,-0.491,12.587,27.75,349.289,-0.5,147.34
2026-06-24 15:54:32,-0.491,12.587,27.75,349.289,-0.5,147.34
2026-06-24 15:54:32,-0.49,12.587,27.75,349.289,-0.5,147.22
2026-06-24 15:54:32,-0.49,12.587,27.75,349.289,-0.5,147.22
2026-06-24 15:54:32,-0.491,12.587,27.75,349.289,-0.5,147.09
2026-06-24 15:54:32,-0.491,12.587,27.75,349.289,-0.5,147.09
2026-06-24 15:54:32,-0.491,12.587,27.75,349.289,-0.5,147.09
2026-06-24 15:54:32,-0.491,12.587,27.75,349.289,-0.5,146.97
2026-06-24 15:54:32,-0.491,12.587,27.75,349.289,-0.5,146.97
2026-06-24 15:54:33,-0.49,12.587,27.75,349.289,-0.5,146.84
2026-06-24 15:54:33,-0.49,12.587,27.75,349.289,-0.5,146.84
2026-06-24 15:54:33,-0.49,12.587,27.75,349.289,-0.5,146.84
2026-06-24 15:54:33,-0.49,12.587,27.75,349.289,-0.5,146.72
2026-06-24 15:54:33,-0.49,12.587,27.75,349.289,-0.5,146.72
2026-06-24 15:54:33,-0.49,12.587,27.75,349.289,-0.5,146.59
2026-06-24 15:54:33,-0.49,12.587,27.75,349.289,-0.5,146.59
2026-06-24 15:54:33,-0.49,12.587,27.75,349.289,-0.5,146.59
2026-06-24 15:54:33,-0.49,12.587,27.75,349.289,-0.5,146.47
2026-06-24 15:54:33,-0.49,12.587,27.75,349.289,-0.5,146.47
2026-06-24 15:54:34,-0.49,12.587,27.75,349.289,-0.5,146.34
2026-06-24 15:54:34,-0.49,12.587,27.75,349.289,-0.5,146.34
2026-06-24 15:54:34,-0.49,12.587,27.75,349.289,-0.5,146.34
2026-06-24 15:54:34,-0.49,12.587,27.75,349.289,-0.5,146.22
2026-06-24 15:54:34,-0.49,12.587,27.75,349.289,-0.5,146.22
2026-06-24 15:54:34,-0.49,12.587,27.75,349.289,-0.5,146.09
2026-06-24 15:54:34,-0.49,12.587,27.75,349.289,-0.5,146.09
2026-06-24 15:54:34,-0.49,12.587,27.75,349.289,-0.5,145.97
2026-06-24 15:54:34,-0.49,12.587,27.75,349.289,-0.5,145.97
2026-06-24 15:54:34,-0.49,12.587,27.75,349.289,-0.5,145.97
2026-06-24 15:54:35,-0.49,12.587,27.75,349.289,-0.5,145.84
2026-06-24 15:54:35,-0.49,12.587,27.75,349.289,-0.5,145.84
2026-06-24 15:54:35,-0.49,12.587,27.75,349.289,-0.5,145.72
2026-06-24 15:54:35,-0.49,12.587,27.75,349.289,-0.5,145.72
2026-06-24 15:54:35,-0.49,12.587,27.75,349.289,-0.5,145.72
2026-06-24 15:54:35,-0.489,12.587,27.75,349.289,-0.5,145.59
2026-06-24 15:54:35,-0.489,12.587,27.75,349.289,-0.5,145.59
2026-06-24 15:54:35,-0.489,12.587,27.75,349.289,-0.5,145.47
2026-06-24 15:54:35,-0.489,12.587,27.75,349.289,-0.5,145.47
2026-06-24 15:54:35,-0.489,12.587,27.75,349.289,-0.5,145.47
2026-06-24 15:54:36,-0.49,12.587,27.75,349.289,-0.5,145.34
2026-06-24 15:54:36,-0.49,12.587,27.75,349.289,-0.5,145.34
2026-06-24 15:54:36,-0.49,12.587,27.75,349.289,-0.5,145.21
2026-06-24 15:54:36,-0.49,12.587,27.75,349.289,-0.5,145.21
2026-06-24 15:54:36,-0.49,12.587,27.75,349.289,-0.5,145.21
2026-06-24 15:54:36,-0.49,12.587,27.75,349.289,-0.5,145.09
2026-06-24 15:54:36,-0.49,12.587,27.75,349.289,-0.5,145.09
2026-06-24 15:54:36,-0.49,12.587,27.75,349.289,-0.5,144.97
2026-06-24 15:54:36,-0.49,12.587,27.75,349.289,-0.5,144.97
2026-06-24 15:54:36,-0.49,12.587,27.75,349.289,-0.5,144.97
2026-06-24 15:54:37,-0.49,12.587,27.83,350.296,-0.5,144.84
2026-06-24 15:54:37,-0.49,12.587,27.83,350.296,-0.5,144.84
2026-06-24 15:54:37,-0.489,12.587,27.83,350.296,-0.5,144.72
2026-06-24 15:54:37,-0.489,12.587,27.83,350.296,-0.5,144.72
2026-06-24 15:54:37,-0.489,12.587,27.83,350.296,-0.5,144.72
2026-06-24 15:54:37,-0.489,12.587,27.75,349.289,-0.5,144.59
2026-06-24 15:54:37,-0.489,12.587,27.75,349.289,-0.5,144.59
2026-06-24 15:54:37,-0.49,12.587,27.75,349.289,-0.5,144.47
2026-06-24 15:54:37,-0.49,12.587,27.75,349.289,-0.5,144.47
2026-06-24 15:54:37,-0.49,12.587,27.75,349.289,-0.5,144.47
2026-06-24 15:54:38,-0.49,12.587,27.75,349.289,-0.5,144.34
2026-06-24 15:54:38,-0.49,12.587,27.75,349.289,-0.5,144.34
2026-06-24 15:54:38,-0.49,12.587,27.75,349.289,-0.5,144.21
2026-06-24 15:54:38,-0.49,12.587,27.75,349.289,-0.5,144.21
2026-06-24 15:54:38,-0.49,12.587,27.75,349.289,-0.5,144.21
2026-06-24 15:54:38,-0.49,12.587,27.75,349.289,-0.5,144.09
2026-06-24 15:54:38,-0.49,12.587,27.75,349.289,-0.5,144.09
2026-06-24 15:54:38,-0.49,12.587,27.75,349.289,-0.5,143.96
2026-06-24 15:54:38,-0.49,12.587,27.75,349.289,-0.5,143.96
2026-06-24 15:54:38,-0.49,12.587,27.75,349.289,-0.5,143.96
2026-06-24 15:54:39,-0.49,12.587,27.75,349.289,-0.5,143.84
2026-06-24 15:54:39,-0.49,12.587,27.75,349.289,-0.5,143.84
2026-06-24 15:54:39,-0.49,12.587,27.75,349.289,-0.5,143.72
2026-06-24 15:54:39,-0.49,12.587,27.75,349.289,-0.5,143.72
2026-06-24 15:54:39,-0.49,12.587,27.75,349.289,-0.5,143.72
2026-06-24 15:54:39,-0.49,12.587,27.75,349.289,-0.5,143.59
2026-06-24 15:54:39,-0.49,12.587,27.75,349.289,-0.5,143.59
2026-06-24 15:54:39,-0.49,12.587,27.75,349.289,-0.5,143.47
2026-06-24 15:54:39,-0.49,12.587,27.75,349.289,-0.5,143.47
2026-06-24 15:54:39,-0.49,12.587,27.75,349.289,-0.5,143.47
2026-06-24 15:54:40,-0.49,12.587,27.75,349.289,-0.5,143.34
2026-06-24 15:54:40,-0.49,12.587,27.75,349.289,-0.5,143.34
2026-06-24 15:54:40,-0.49,12.587,27.75,349.289,-0.5,143.21
2026-06-24 15:54:40,-0.49,12.587,27.75,349.289,-0.5,143.21
2026-06-24 15:54:40,-0.49,12.587,27.75,349.289,-0.5,143.21
2026-06-24 15:54:40,-0.49,12.587,27.75,349.289,-0.5,143.09
2026-06-24 15:54:40,-0.49,12.587,27.75,349.289,-0.5,143.09
2026-06-24 15:54:40,-0.491,12.587,27.75,349.289,-0.5,142.97
2026-06-24 15:54:40,-0.491,12.587,27.75,349.289,-0.5,142.97
2026-06-24 15:54:40,-0.491,12.587,27.75,349.289,-0.5,142.97
2026-06-24 15:54:41,-0.491,12.587,27.75,349.289,-0.5,142.84
2026-06-24 15:54:41,-0.491,12.587,27.75,349.289,-0.5,142.84
2026-06-24 15:54:41,-0.491,12.587,27.75,349.289,-0.5,142.72
2026-06-24 15:54:41,-0.491,12.587,27.75,349.289,-0.5,142.72
2026-06-24 15:54:41,-0.491,12.587,27.75,349.289,-0.5,142.72
2026-06-24 15:54:41,-0.491,12.587,27.75,349.289,-0.5,142.59
2026-06-24 15:54:41,-0.491,12.587,27.75,349.289,-0.5,142.59
2026-06-24 15:54:41,-0.491,12.587,27.75,349.289,-0.5,142.47
2026-06-24 15:54:41,-0.491,12.587,27.75,349.289,-0.5,142.47
2026-06-24 15:54:41,-0.491,12.587,27.75,349.289,-0.5,142.47
2026-06-24 15:54:42,-0.492,12.587,27.75,349.289,-0.5,142.34
2026-06-24 15:54:42,-0.492,12.587,27.75,349.289,-0.5,142.34
2026-06-24 15:54:42,-0.492,12.587,27.75,349.289,-0.5,142.22
2026-06-24 15:54:42,-0.492,12.587,27.75,349.289,-0.5,142.22
2026-06-24 15:54:42,-0.492,12.587,27.75,349.289,-0.5,142.22
2026-06-24 15:54:42,-0.492,12.587,27.75,349.289,-0.5,142.09
2026-06-24 15:54:42,-0.492,12.587,27.75,349.289,-0.5,142.09
2026-06-24 15:54:42,-0.492,12.587,27.75,349.289,-0.5,141.96
2026-06-24 15:54:42,-0.492,12.587,27.75,349.289,-0.5,141.96
2026-06-24 15:54:42,-0.492,12.587,27.75,349.289,-0.5,141.96
2026-06-24 15:54:43,-0.492,12.587,27.75,349.289,-0.5,141.84
2026-06-24 15:54:43,-0.492,12.587,27.75,349.289,-0.5,141.84
2026-06-24 15:54:43,-0.492,12.587,27.75,349.289,-0.5,141.72
2026-06-24 15:54:43,-0.492,12.587,27.75,349.289,-0.5,141.72
2026-06-24 15:54:43,-0.492,12.587,27.75,349.289,-0.5,141.72
2026-06-24 15:54:43,-0.491,12.587,27.75,349.289,-0.5,141.59
2026-06-24 15:54:43,-0.491,12.587,27.75,349.289,-0.5,141.59
2026-06-24 15:54:43,-0.491,12.587,27.75,349.289,-0.5,141.47
2026-06-24 15:54:43,-0.491,12.587,27.75,349.289,-0.5,141.47
2026-06-24 15:54:44,-0.491,12.587,27.75,349.289,-0.5,141.34
2026-06-24 15:54:44,-0.491,12.587,27.75,349.289,-0.5,141.34
2026-06-24 15:54:44,-0.491,12.587,27.75,349.289,-0.5,141.34
2026-06-24 15:54:44,-0.491,12.587,27.75,349.289,-0.5,141.22
2026-06-24 15:54:44,-0.491,12.587,27.75,349.289,-0.5,141.22
2026-06-24 15:54:44,-0.491,12.587,27.75,349.289,-0.5,141.09
2026-06-24 15:54:44,-0.491,12.587,27.75,349.289,-0.5,141.09
2026-06-24 15:54:44,-0.491,12.587,27.75,349.289,-0.5,141.09
2026-06-24 15:54:44,-0.491,12.587,27.75,349.289,-0.5,140.96
2026-06-24 15:54:44,-0.491,12.587,27.75,349.289,-0.5,140.96
2026-06-24 15:54:45,-0.491,12.587,27.75,349.289,-0.5,140.84
2026-06-24 15:54:45,-0.491,12.587,27.75,349.289,-0.5,140.84
2026-06-24 15:54:45,-0.491,12.587,27.75,349.289,-0.5,140.84
2026-06-24 15:54:45,-0.491,12.587,27.75,349.289,-0.5,140.71
2026-06-24 15:54:45,-0.491,12.587,27.75,349.289,-0.5,140.71
2026-06-24 15:54:45,-0.491,12.587,27.75,349.289,-0.5,140.59
2026-06-24 15:54:45,-0.491,12.587,27.75,349.289,-0.5,140.59
2026-06-24 15:54:45,-0.491,12.587,27.75,349.289,-0.5,140.59
2026-06-24 15:54:45,-0.491,12.587,27.75,349.289,-0.5,140.46
2026-06-24 15:54:45,-0.491,12.587,27.75,349.289,-0.5,140.46
2026-06-24 15:54:46,-0.491,12.587,27.75,349.289,-0.5,140.34
2026-06-24 15:54:46,-0.491,12.587,27.75,349.289,-0.5,140.34
2026-06-24 15:54:46,-0.491,12.587,27.75,349.289,-0.5,140.34
2026-06-24 15:54:46,-0.491,12.587,27.75,349.289,-0.5,140.21
2026-06-24 15:54:46,-0.491,12.587,27.75,349.289,-0.5,140.21
2026-06-24 15:54:46,-0.491,12.587,27.75,349.289,-0.5,140.09
2026-06-24 15:54:46,-0.491,12.587,27.75,349.289,-0.5,140.09
2026-06-24 15:54:46,-0.491,12.587,27.75,349.289,-0.5,140.09
2026-06-24 15:54:46,-0.49,12.587,27.75,349.289,-0.5,139.96
2026-06-24 15:54:46,-0.49,12.587,27.75,349.289,-0.5,139.96
2026-06-24 15:54:47,-0.49,12.587,27.75,349.289,-0.5,139.84
2026-06-24 15:54:47,-0.49,12.587,27.75,349.289,-0.5,139.84
2026-06-24 15:54:47,-0.49,12.587,27.75,349.289,-0.5,139.84
2026-06-24 15:54:47,-0.49,12.587,27.75,349.289,-0.5,139.71
2026-06-24 15:54:47,-0.49,12.587,27.75,349.289,-0.5,139.71
2026-06-24 15:54:47,-0.49,12.587,27.75,349.289,-0.5,139.59
2026-06-24 15:54:47,-0.49,12.587,27.75,349.289,-0.5,139.59
2026-06-24 15:54:47,-0.49,12.587,27.75,349.289,-0.5,139.59
2026-06-24 15:54:47,-0.49,12.587,27.75,349.289,-0.5,139.46
2026-06-24 15:54:47,-0.49,12.587,27.75,349.289,-0.5,139.46
2026-06-24 15:54:48,-0.49,12.587,27.75,349.289,-0.5,139.34
2026-06-24 15:54:48,-0.49,12.587,27.75,349.289,-0.5,139.34
2026-06-24 15:54:48,-0.49,12.587,27.75,349.289,-0.5,139.34
2026-06-24 15:54:48,-0.49,12.587,27.75,349.289,-0.5,139.21
2026-06-24 15:54:48,-0.49,12.587,27.75,349.289,-0.5,139.21
2026-06-24 15:54:48,-0.49,12.587,27.75,349.289,-0.5,139.09
2026-06-24 15:54:48,-0.49,12.587,27.75,349.289,-0.5,139.09
2026-06-24 15:54:48,-0.49,12.587,27.75,349.289,-0.5,139.09
2026-06-24 15:54:48,-0.49,12.587,27.75,349.289,-0.5,138.96
2026-06-24 15:54:48,-0.49,12.587,27.75,349.289,-0.5,138.96
2026-06-24 15:54:49,-0.49,12.587,27.75,349.289,-0.5,138.84
2026-06-24 15:54:49,-0.49,12.587,27.75,349.289,-0.5,138.84
2026-06-24 15:54:49,-0.49,12.587,27.75,349.289,-0.5,138.84
2026-06-24 15:54:49,-0.49,12.587,27.75,349.289,-0.5,138.71
2026-06-24 15:54:49,-0.49,12.587,27.75,349.289,-0.5,138.71
2026-06-24 15:54:49,-0.49,12.587,27.75,349.289,-0.5,138.59
2026-06-24 15:54:49,-0.49,12.587,27.75,349.289,-0.5,138.59
2026-06-24 15:54:49,-0.49,12.587,27.75,349.289,-0.5,138.59
2026-06-24 15:54:49,-0.489,12.587,27.75,349.289,-0.5,138.46
2026-06-24 15:54:49,-0.489,12.587,27.75,349.289,-0.5,138.46
2026-06-24 15:54:50,-0.489,12.587,27.75,349.289,-0.5,138.34
2026-06-24 15:54:50,-0.489,12.587,27.75,349.289,-0.5,138.34
2026-06-24 15:54:50,-0.489,12.587,27.75,349.289,-0.5,138.34
2026-06-24 15:54:50,-0.489,12.587,27.75,349.289,-0.5,138.21
2026-06-24 15:54:50,-0.489,12.587,27.75,349.289,-0.5,138.21
2026-06-24 15:54:50,-0.489,12.587,27.75,349.289,-0.5,138.09
2026-06-24 15:54:50,-0.489,12.587,27.75,349.289,-0.5,138.09
2026-06-24 15:54:50,-0.489,12.587,27.75,349.289,-0.5,138.09
2026-06-24 15:54:50,-0.489,12.587,27.75,349.289,-0.5,137.96
2026-06-24 15:54:50,-0.489,12.587,27.75,349.289,-0.5,137.96
2026-06-24 15:54:51,-0.489,12.587,27.75,349.289,-0.5,137.84
2026-06-24 15:54:51,-0.489,12.587,27.75,349.289,-0.5,137.84
2026-06-24 15:54:51,-0.489,12.587,27.75,349.289,-0.5,137.84
2026-06-24 15:54:51,-0.489,12.587,27.75,349.289,-0.5,137.71
2026-06-24 15:54:51,-0.489,12.587,27.75,349.289,-0.5,137.71
2026-06-24 15:54:51,-0.49,12.587,27.75,349.289,-0.5,137.59
2026-06-24 15:54:51,-0.49,12.587,27.75,349.289,-0.5,137.59
2026-06-24 15:54:51,-0.49,12.587,27.75,349.289,-0.5,137.46
2026-06-24 15:54:51,-0.49,12.587,27.75,349.289,-0.5,137.46
2026-06-24 15:54:51,-0.49,12.587,27.75,349.289,-0.5,137.46
2026-06-24 15:54:52,-0.49,12.587,27.75,349.289,-0.5,137.34
2026-06-24 15:54:52,-0.49,12.587,27.75,349.289,-0.5,137.34
2026-06-24 15:54:52,-0.49,12.587,27.75,349.289,-0.5,137.21
2026-06-24 15:54:52,-0.49,12.587,27.75,349.289,-0.5,137.21
2026-06-24 15:54:52,-0.49,12.587,27.75,349.289,-0.5,137.21
2026-06-24 15:54:52,-0.49,12.587,27.75,349.289,-0.5,137.09
2026-06-24 15:54:52,-0.49,12.587,27.75,349.289,-0.5,137.09
2026-06-24 15:54:52,-0.49,12.587,27.75,349.289,-0.5,137.09
2026-06-24 15:54:52,-0.49,12.587,27.75,349.289,-0.5,136.96
2026-06-24 15:54:52,-0.49,12.587,27.75,349.289,-0.5,136.96
2026-06-24 15:54:53,-0.49,12.587,27.75,349.289,-0.5,136.84
2026-06-24 15:54:53,-0.49,12.587,27.75,349.289,-0.5,136.84
2026-06-24 15:54:53,-0.49,12.587,27.75,349.289,-0.5,136.71
2026-06-24 15:54:53,-0.49,12.587,27.75,349.289,-0.5,136.71
2026-06-24 15:54:53,-0.49,12.587,27.75,349.289,-0.5,136.71
2026-06-24 15:54:53,-0.49,12.587,27.75,349.289,-0.5,136.59
2026-06-24 15:54:53,-0.49,12.587,27.75,349.289,-0.5,136.59
2026-06-24 15:54:53,-0.491,12.587,27.75,349.289,-0.5,136.46
2026-06-24 15:54:53,-0.491,12.587,27.75,349.289,-0.5,136.46
2026-06-24 15:54:53,-0.491,12.587,27.75,349.289,-0.5,136.46
2026-06-24 15:54:54,-0.491,12.587,27.75,349.289,-0.5,136.34
2026-06-24 15:54:54,-0.491,12.587,27.75,349.289,-0.5,136.34
2026-06-24 15:54:54,-0.491,12.587,27.75,349.289,-0.5,136.21
2026-06-24 15:54:54,-0.491,12.587,27.75,349.289,-0.5,136.21
2026-06-24 15:54:54,-0.491,12.587,27.75,349.289,-0.5,136.21
2026-06-24 15:54:54,-0.491,12.587,27.75,349.289,-0.5,136.09
2026-06-24 15:54:54,-0.491,12.587,27.75,349.289,-0.5,136.09
2026-06-24 15:54:54,-0.491,12.587,27.75,349.289,-0.5,135.96
2026-06-24 15:54:54,-0.491,12.587,27.75,349.289,-0.5,135.96
2026-06-24 15:54:54,-0.491,12.587,27.75,349.289,-0.5,135.96
2026-06-24 15:54:55,-0.491,12.587,27.75,349.289,-0.5,135.84
2026-06-24 15:54:55,-0.491,12.587,27.75,349.289,-0.5,135.84
2026-06-24 15:54:55,-0.491,12.587,27.75,349.289,-0.5,135.71
2026-06-24 15:54:55,-0.491,12.587,27.75,349.289,-0.5,135.71
2026-06-24 15:54:55,-0.491,12.587,27.75,349.289,-0.5,135.71
2026-06-24 15:54:55,-0.491,12.587,27.75,349.289,-0.5,135.59
2026-06-24 15:54:55,-0.491,12.587,27.75,349.289,-0.5,135.59
2026-06-24 15:54:55,-0.491,12.587,27.75,349.289,-0.5,135.46
2026-06-24 15:54:55,-0.491,12.587,27.75,349.289,-0.5,135.46
2026-06-24 15:54:55,-0.491,12.587,27.75,349.289,-0.5,135.46
2026-06-24 15:54:56,-0.491,12.587,27.75,349.289,-0.5,135.34
2026-06-24 15:54:56,-0.491,12.587,27.75,349.289,-0.5,135.34
2026-06-24 15:54:56,-0.491,12.587,27.75,349.289,-0.5,135.21
2026-06-24 15:54:56,-0.491,12.587,27.75,349.289,-0.5,135.21
2026-06-24 15:54:56,-0.491,12.587,27.75,349.289,-0.5,135.21
2026-06-24 15:54:56,-0.491,12.587,27.75,349.289,-0.5,135.09
2026-06-24 15:54:56,-0.491,12.587,27.75,349.289,-0.5,135.09
2026-06-24 15:54:56,-0.491,12.587,27.75,349.289,-0.5,134.96
2026-06-24 15:54:56,-0.491,12.587,27.75,349.289,-0.5,134.96
2026-06-24 15:54:56,-0.491,12.587,27.75,349.289,-0.5,134.96
2026-06-24 15:54:57,-0.491,12.587,27.75,349.289,-0.5,134.84
2026-06-24 15:54:57,-0.491,12.587,27.75,349.289,-0.5,134.84
2026-06-24 15:54:57,-0.491,12.587,27.75,349.289,-0.5,134.71
2026-06-24 15:54:57,-0.491,12.587,27.75,349.289,-0.5,134.71
2026-06-24 15:54:57,-0.491,12.587,27.75,349.289,-0.5,134.71
2026-06-24 15:54:57,-0.491,12.587,27.75,349.289,-0.5,134.59
2026-06-24 15:54:57,-0.491,12.587,27.75,349.289,-0.5,134.59
2026-06-24 15:54:57,-0.491,12.587,27.75,349.289,-0.5,134.46
2026-06-24 15:54:57,-0.491,12.587,27.75,349.289,-0.5,134.46
2026-06-24 15:54:57,-0.491,12.587,27.75,349.289,-0.5,134.46
2026-06-24 15:54:58,-0.491,12.587,27.75,349.289,-0.5,134.34
2026-06-24 15:54:58,-0.491,12.587,27.75,349.289,-0.5,134.34
2026-06-24 15:54:58,-0.491,12.587,27.75,349.289,-0.5,134.21
2026-06-24 15:54:58,-0.491,12.587,27.75,349.289,-0.5,134.21
2026-06-24 15:54:58,-0.491,12.587,27.75,349.289,-0.5,134.21
2026-06-24 15:54:58,-0.491,12.587,27.75,349.289,-0.5,134.09
2026-06-24 15:54:58,-0.491,12.587,27.75,349.289,-0.5,134.09
2026-06-24 15:54:58,-0.49,12.587,27.75,349.289,-0.5,133.96
2026-06-24 15:54:58,-0.49,12.587,27.75,349.289,-0.5,133.96
2026-06-24 15:54:58,-0.49,12.587,27.75,349.289,-0.5,133.96
2026-06-24 15:54:59,-0.49,12.587,27.75,349.289,-0.5,133.84
2026-06-24 15:54:59,-0.49,12.587,27.75,349.289,-0.5,133.84
2026-06-24 15:54:59,-0.49,12.587,27.75,349.289,-0.5,133.71
2026-06-24 15:54:59,-0.49,12.587,27.75,349.289,-0.5,133.71
2026-06-24 15:54:59,-0.49,12.587,27.75,349.289,-0.5,133.71
2026-06-24 15:54:59,-0.49,12.587,27.75,349.289,-0.5,133.59
2026-06-24 15:54:59,-0.49,12.587,27.75,349.289,-0.5,133.59
2026-06-24 15:55:03,-0.488,12.587,27.83,350.296,-1.0,131.96
2026-06-24 15:55:03,-0.488,12.587,27.83,350.296,-1.0,131.96
2026-06-24 15:55:03,-0.488,12.587,27.83,350.296,-1.0,131.96
2026-06-24 15:55:03,-0.45,12.587,28.08,353.443,-1.0,131.84
2026-06-24 15:55:03,-0.45,12.587,28.08,353.443,-1.0,131.84
2026-06-24 15:55:03,-0.601,12.587,25.17,316.815,-1.0,131.71
2026-06-24 15:55:04,-0.601,12.587,25.17,316.815,-1.0,131.71
2026-06-24 15:55:04,-0.839,12.587,24.84,312.661,-1.0,131.52
2026-06-24 15:55:04,-0.839,12.587,24.84,312.661,-1.0,131.52
2026-06-24 15:55:04,-0.839,12.587,24.84,312.661,-1.0,131.52
2026-06-24 15:55:04,-0.977,12.587,26.33,331.416,-1.0,131.29
2026-06-24 15:55:04,-0.977,12.587,26.33,331.416,-1.0,131.29
2026-06-24 15:55:04,-1.03,12.587,26.92,338.842,-1.0,131.04
2026-06-24 15:55:04,-1.03,12.587,26.92,338.842,-1.0,131.04
2026-06-24 15:55:04,-1.03,12.587,26.92,338.842,-1.0,131.04
2026-06-24 15:55:04,-1.035,12.587,27.33,344.003,-1.0,130.78
2026-06-24 15:55:05,-1.035,12.587,27.33,344.003,-1.0,130.78
2026-06-24 15:55:05,-1.02,12.587,27.58,347.149,-1.0,130.52
2026-06-24 15:55:05,-1.02,12.587,27.58,347.149,-1.0,130.52
2026-06-24 15:55:05,-1.02,12.587,27.58,347.149,-1.0,130.52
2026-06-24 15:55:05,-1.003,12.587,27.5,346.143,-1.0,130.26
2026-06-24 15:55:05,-1.003,12.587,27.5,346.143,-1.0,130.26
2026-06-24 15:55:05,-0.989,12.587,27.5,346.143,-1.0,130.01
2026-06-24 15:55:05,-0.989,12.587,27.5,346.143,-1.0,130.01
2026-06-24 15:55:05,-0.989,12.587,27.5,346.143,-1.0,130.01
2026-06-24 15:55:05,-0.981,12.587,27.5,346.143,-1.0,129.75
2026-06-24 15:55:06,-0.981,12.587,27.5,346.143,-1.0,129.75
2026-06-24 15:55:06,-0.976,12.587,27.41,345.01,-1.0,129.5
2026-06-24 15:55:06,-0.976,12.587,27.41,345.01,-1.0,129.5
2026-06-24 15:55:06,-0.976,12.587,27.41,345.01,-1.0,129.5
2026-06-24 15:55:06,-0.976,12.587,27.33,344.003,-1.0,129.26
2026-06-24 15:55:06,-0.976,12.587,27.33,344.003,-1.0,129.26
2026-06-24 15:55:06,-0.976,12.587,27.33,344.003,-1.0,129.01
2026-06-24 15:55:06,-0.976,12.587,27.33,344.003,-1.0,129.01
2026-06-24 15:55:06,-0.976,12.587,27.33,344.003,-1.0,129.01
2026-06-24 15:55:06,-0.976,12.587,27.33,344.003,-1.0,128.76
2026-06-24 15:55:07,-0.976,12.587,27.33,344.003,-1.0,128.76
2026-06-24 15:55:07,-0.977,12.587,27.33,344.003,-1.0,128.51
2026-06-24 15:55:07,-0.977,12.587,27.33,344.003,-1.0,128.51
2026-06-24 15:55:07,-0.977,12.587,27.33,344.003,-1.0,128.51
2026-06-24 15:55:07,-0.977,12.587,27.33,344.003,-1.0,128.26
2026-06-24 15:55:07,-0.977,12.587,27.33,344.003,-1.0,128.26
2026-06-24 15:55:07,-0.977,12.587,27.33,344.003,-1.0,128.01
2026-06-24 15:55:07,-0.977,12.587,27.33,344.003,-1.0,128.01
2026-06-24 15:55:07,-0.977,12.587,27.33,344.003,-1.0,128.01
2026-06-24 15:55:07,-0.978,12.587,27.33,344.003,-1.0,127.76
2026-06-24 15:55:08,-0.978,12.587,27.33,344.003,-1.0,127.76
2026-06-24 15:55:08,-0.978,12.587,27.33,344.003,-1.0,127.51
2026-06-24 15:55:08,-0.978,12.587,27.33,344.003,-1.0,127.51
2026-06-24 15:55:08,-0.978,12.587,27.33,344.003,-1.0,127.51
2026-06-24 15:55:08,-0.978,12.587,27.33,344.003,-1.0,127.26
2026-06-24 15:55:08,-0.978,12.587,27.33,344.003,-1.0,127.26
2026-06-24 15:55:08,-0.978,12.587,27.33,344.003,-1.0,127.01
2026-06-24 15:55:08,-0.978,12.587,27.33,344.003,-1.0,127.01
2026-06-24 15:55:08,-0.978,12.587,27.33,344.003,-1.0,127.01
2026-06-24 15:55:08,-0.979,12.587,27.41,345.01,-1.0,126.76
2026-06-24 15:55:09,-0.979,12.587,27.41,345.01,-1.0,126.76
2026-06-24 15:55:09,-0.979,12.587,27.41,345.01,-1.0,126.51
2026-06-24 15:55:09,-0.979,12.587,27.41,345.01,-1.0,126.51
2026-06-24 15:55:09,-0.979,12.587,27.41,345.01,-1.0,126.51
2026-06-24 15:55:09,-0.98,12.587,27.33,344.003,-1.0,126.26
2026-06-24 15:55:09,-0.98,12.587,27.33,344.003,-1.0,126.26
2026-06-24 15:55:09,-0.979,12.587,27.41,345.01,-1.0,126.01
2026-06-24 15:55:09,-0.979,12.587,27.41,345.01,-1.0,126.01
2026-06-24 15:55:09,-0.979,12.587,27.41,345.01,-1.0,126.01
2026-06-24 15:55:09,-0.98,12.587,27.41,345.01,-1.0,125.76
2026-06-24 15:55:10,-0.98,12.587,27.41,345.01,-1.0,125.76
2026-06-24 15:55:10,-0.981,12.587,27.33,344.003,-1.0,125.51
2026-06-24 15:55:10,-0.981,12.587,27.33,344.003,-1.0,125.51
2026-06-24 15:55:10,-0.981,12.587,27.33,344.003,-1.0,125.51
2026-06-24 15:55:10,-0.981,12.587,27.41,345.01,-1.0,125.25
2026-06-24 15:55:10,-0.981,12.587,27.41,345.01,-1.0,125.25
2026-06-24 15:55:10,-0.98,12.587,27.41,345.01,-1.0,125.01
2026-06-24 15:55:10,-0.98,12.587,27.41,345.01,-1.0,125.01
2026-06-24 15:55:10,-0.98,12.587,27.41,345.01,-1.0,125.01
2026-06-24 15:55:10,-0.979,12.587,27.41,345.01,-1.0,124.76
2026-06-24 15:55:11,-0.979,12.587,27.41,345.01,-1.0,124.76
2026-06-24 15:55:11,-0.978,12.587,27.41,345.01,-1.0,124.51
2026-06-24 15:55:11,-0.978,12.587,27.41,345.01,-1.0,124.51
2026-06-24 15:55:11,-0.978,12.587,27.41,345.01,-1.0,124.51
2026-06-24 15:55:11,-0.977,12.587,27.41,345.01,-1.0,124.26
2026-06-24 15:55:11,-0.977,12.587,27.41,345.01,-1.0,124.26
2026-06-24 15:55:11,-0.977,12.587,27.41,345.01,-1.0,124.01
2026-06-24 15:55:11,-0.977,12.587,27.41,345.01,-1.0,124.01
2026-06-24 15:55:11,-0.977,12.587,27.41,345.01,-1.0,124.01
2026-06-24 15:55:12,-0.976,12.587,27.33,344.003,-1.0,123.76
2026-06-24 15:55:12,-0.976,12.587,27.33,344.003,-1.0,123.76
2026-06-24 15:55:12,-0.977,12.587,27.33,344.003,-1.0,123.5
2026-06-24 15:55:12,-0.977,12.587,27.33,344.003,-1.0,123.5
2026-06-24 15:55:12,-0.977,12.587,27.33,344.003,-1.0,123.5
2026-06-24 15:55:12,-0.976,12.587,27.41,345.01,-1.0,123.25
2026-06-24 15:55:12,-0.976,12.587,27.41,345.01,-1.0,123.25
2026-06-24 15:55:12,-0.977,12.587,27.33,344.003,-1.0,123.0
2026-06-24 15:55:12,-0.977,12.587,27.33,344.003,-1.0,123.0
2026-06-24 15:55:12,-0.977,12.587,27.33,344.003,-1.0,123.0
2026-06-24 15:55:13,-0.977,12.587,27.41,345.01,-1.0,122.75
2026-06-24 15:55:13,-0.977,12.587,27.41,345.01,-1.0,122.75
2026-06-24 15:55:13,-0.977,12.587,27.41,345.01,-1.0,122.5
2026-06-24 15:55:13,-0.977,12.587,27.41,345.01,-1.0,122.5
2026-06-24 15:55:13,-0.977,12.587,27.41,345.01,-1.0,122.25
2026-06-24 15:55:13,-0.977,12.587,27.41,345.01,-1.0,122.25
2026-06-24 15:55:13,-0.977,12.587,27.41,345.01,-1.0,122.25
2026-06-24 15:55:13,-0.976,12.587,27.33,344.003,-1.0,122.0
2026-06-24 15:55:13,-0.976,12.587,27.33,344.003,-1.0,122.0
2026-06-24 15:55:13,-0.977,12.587,27.33,344.003,-1.0,121.76
2026-06-24 15:55:14,-0.977,12.587,27.33,344.003,-1.0,121.76
2026-06-24 15:55:14,-0.977,12.587,27.33,344.003,-1.0,121.76
2026-06-24 15:55:14,-0.977,12.587,27.33,344.003,-1.0,121.5
2026-06-24 15:55:14,-0.977,12.587,27.33,344.003,-1.0,121.5
2026-06-24 15:55:14,-0.977,12.587,27.33,344.003,-1.0,121.5
2026-06-24 15:55:14,-0.977,12.587,27.33,344.003,-1.0,121.25
2026-06-24 15:55:14,-0.977,12.587,27.33,344.003,-1.0,121.25
2026-06-24 15:55:14,-0.977,12.587,27.33,344.003,-1.0,121.0
2026-06-24 15:55:14,-0.977,12.587,27.33,344.003,-1.0,121.0
2026-06-24 15:55:14,-0.977,12.587,27.33,344.003,-1.0,120.75
2026-06-24 15:55:15,-0.977,12.587,27.33,344.003,-1.0,120.75
2026-06-24 15:55:15,-0.977,12.587,27.33,344.003,-1.0,120.75
2026-06-24 15:55:15,-0.977,12.587,27.33,344.003,-1.0,120.5
2026-06-24 15:55:15,-0.977,12.587,27.33,344.003,-1.0,120.5
2026-06-24 15:55:15,-0.976,12.587,27.33,344.003,-1.0,120.25
2026-06-24 15:55:15,-0.976,12.587,27.33,344.003,-1.0,120.25
2026-06-24 15:55:15,-0.976,12.587,27.33,344.003,-1.0,120.25
2026-06-24 15:55:15,-0.976,12.587,27.33,344.003,-1.0,120.0
2026-06-24 15:55:15,-0.976,12.587,27.33,344.003,-1.0,120.0
2026-06-24 15:55:15,-0.976,12.587,27.41,345.01,-1.0,119.75
2026-06-24 15:55:16,-0.976,12.587,27.41,345.01,-1.0,119.75
2026-06-24 15:55:16,-0.976,12.587,27.41,345.01,-1.0,119.75
2026-06-24 15:55:16,-0.976,12.587,27.33,344.003,-1.0,119.5
2026-06-24 15:55:16,-0.976,12.587,27.33,344.003,-1.0,119.5
2026-06-24 15:55:16,-0.976,12.587,27.41,345.01,-1.0,119.25
2026-06-24 15:55:16,-0.976,12.587,27.41,345.01,-1.0,119.25
2026-06-24 15:55:16,-0.976,12.587,27.41,345.01,-1.0,119.25
2026-06-24 15:55:16,-0.976,12.587,27.41,345.01,-1.0,119.0
2026-06-24 15:55:16,-0.976,12.587,27.41,345.01,-1.0,119.0
2026-06-24 15:55:16,-0.975,12.587,27.41,345.01,-1.0,118.75
2026-06-24 15:55:17,-0.975,12.587,27.41,345.01,-1.0,118.75
2026-06-24 15:55:17,-0.975,12.587,27.41,345.01,-1.0,118.75
2026-06-24 15:55:17,-0.975,12.587,27.41,345.01,-1.0,118.5
2026-06-24 15:55:17,-0.975,12.587,27.41,345.01,-1.0,118.5
2026-06-24 15:55:17,-0.974,12.587,27.41,345.01,-1.0,118.25
2026-06-24 15:55:17,-0.974,12.587,27.41,345.01,-1.0,118.25
2026-06-24 15:55:17,-0.974,12.587,27.41,345.01,-1.0,118.25
2026-06-24 15:55:17,-0.975,12.587,27.33,344.003,-1.0,118.0
2026-06-24 15:55:17,-0.975,12.587,27.33,344.003,-1.0,118.0
2026-06-24 15:55:17,-0.975,12.587,27.41,345.01,-1.0,117.75
2026-06-24 15:55:18,-0.975,12.587,27.41,345.01,-1.0,117.75
2026-06-24 15:55:18,-0.975,12.587,27.41,345.01,-1.0,117.75
2026-06-24 15:55:18,-0.975,12.587,27.41,345.01,-1.0,117.5
2026-06-24 15:55:18,-0.975,12.587,27.41,345.01,-1.0,117.5
2026-06-24 15:55:18,-0.975,12.587,27.41,345.01,-1.0,117.25
2026-06-24 15:55:18,-0.975,12.587,27.41,345.01,-1.0,117.25
2026-06-24 15:55:18,-0.975,12.587,27.41,345.01,-1.0,117.25
2026-06-24 15:55:18,-0.975,12.587,27.41,345.01,-1.0,117.0
2026-06-24 15:55:18,-0.975,12.587,27.41,345.01,-1.0,117.0
2026-06-24 15:55:18,-0.975,12.587,27.33,344.003,-1.0,116.75
2026-06-24 15:55:19,-0.975,12.587,27.33,344.003,-1.0,116.75
2026-06-24 15:55:19,-0.975,12.587,27.33,344.003,-1.0,116.75
2026-06-24 15:55:19,-0.975,12.587,27.41,345.01,-1.0,116.5
2026-06-24 15:55:19,-0.975,12.587,27.41,345.01,-1.0,116.5
2026-06-24 15:55:19,-0.975,12.587,27.41,345.01,-1.0,116.25
2026-06-24 15:55:19,-0.975,12.587,27.41,345.01,-1.0,116.25
2026-06-24 15:55:19,-0.975,12.587,27.41,345.01,-1.0,116.25
2026-06-24 15:55:19,-0.975,12.587,27.41,345.01,-1.0,116.0
2026-06-24 15:55:19,-0.975,12.587,27.41,345.01,-1.0,116.0
2026-06-24 15:55:19,-0.975,12.587,27.41,345.01,-1.0,115.75
2026-06-24 15:55:20,-0.975,12.587,27.41,345.01,-1.0,115.75
2026-06-24 15:55:20,-0.975,12.587,27.41,345.01,-1.0,115.75
2026-06-24 15:55:20,-0.975,12.587,27.33,344.003,-1.0,115.5
2026-06-24 15:55:20,-0.975,12.587,27.33,344.003,-1.0,115.5
2026-06-24 15:55:20,-0.975,12.587,27.41,345.01,-1.0,115.25
2026-06-24 15:55:20,-0.975,12.587,27.41,345.01,-1.0,115.25
2026-06-24 15:55:20,-0.975,12.587,27.41,345.01,-1.0,115.25
2026-06-24 15:55:20,-0.975,12.587,27.41,345.01,-1.0,115.0
2026-06-24 15:55:20,-0.975,12.587,27.41,345.01,-1.0,115.0
2026-06-24 15:55:20,-0.975,12.587,27.41,345.01,-1.0,114.75
2026-06-24 15:55:21,-0.975,12.587,27.41,345.01,-1.0,114.75
2026-06-24 15:55:21,-0.975,12.587,27.41,345.01,-1.0,114.75
2026-06-24 15:55:21,-0.975,12.587,27.33,344.003,-1.0,114.5
2026-06-24 15:55:21,-0.975,12.587,27.33,344.003,-1.0,114.5
2026-06-24 15:55:21,-0.975,12.587,27.33,344.003,-1.0,114.25
2026-06-24 15:55:21,-0.975,12.587,27.33,344.003,-1.0,114.25
2026-06-24 15:55:21,-0.975,12.587,27.33,344.003,-1.0,114.25
2026-06-24 15:55:21,-0.975,12.587,27.33,344.003,-1.0,114.0
2026-06-24 15:55:21,-0.975,12.587,27.33,344.003,-1.0,114.0
2026-06-24 15:55:21,-0.975,12.587,27.33,344.003,-1.0,113.75
2026-06-24 15:55:22,-0.975,12.587,27.33,344.003,-1.0,113.75
2026-06-24 15:55:22,-0.975,12.587,27.33,344.003,-1.0,113.75
2026-06-24 15:55:22,-0.976,12.587,27.33,344.003,-1.0,113.5
2026-06-24 15:55:22,-0.976,12.587,27.33,344.003,-1.0,113.5
2026-06-24 15:55:22,-0.976,12.587,27.41,345.01,-1.0,113.25
2026-06-24 15:55:22,-0.976,12.587,27.41,345.01,-1.0,113.25
2026-06-24 15:55:22,-0.976,12.587,27.41,345.01,-1.0,113.25
2026-06-24 15:55:22,-0.976,12.587,27.33,344.003,-1.0,113.0
2026-06-24 15:55:22,-0.976,12.587,27.33,344.003,-1.0,113.0
2026-06-24 15:55:22,-0.976,12.587,27.33,344.003,-1.0,112.75
2026-06-24 15:55:23,-0.976,12.587,27.33,344.003,-1.0,112.75
2026-06-24 15:55:23,-0.976,12.587,27.33,344.003,-1.0,112.75
2026-06-24 15:55:23,-0.977,12.587,27.33,344.003,-1.0,112.5
2026-06-24 15:55:23,-0.977,12.587,27.33,344.003,-1.0,112.5
2026-06-24 15:55:23,-0.978,12.587,27.33,344.003,-1.0,112.25
2026-06-24 15:55:23,-0.978,12.587,27.33,344.003,-1.0,112.25
2026-06-24 15:55:23,-0.978,12.587,27.33,344.003,-1.0,112.25
2026-06-24 15:55:23,-0.979,12.587,27.33,344.003,-1.0,112.0
2026-06-24 15:55:23,-0.979,12.587,27.33,344.003,-1.0,112.0
2026-06-24 15:55:23,-0.979,12.587,27.41,345.01,-1.0,111.75
2026-06-24 15:55:24,-0.979,12.587,27.41,345.01,-1.0,111.75
2026-06-24 15:55:24,-0.979,12.587,27.41,345.01,-1.0,111.75
2026-06-24 15:55:24,-0.979,12.587,27.41,345.01,-1.0,111.5
2026-06-24 15:55:24,-0.979,12.587,27.41,345.01,-1.0,111.5
2026-06-24 15:55:24,-0.98,12.587,27.41,345.01,-1.0,111.25
2026-06-24 15:55:24,-0.98,12.587,27.41,345.01,-1.0,111.25
2026-06-24 15:55:24,-0.98,12.587,27.41,345.01,-1.0,111.25
2026-06-24 15:55:24,-0.98,12.587,27.41,345.01,-1.0,111.0
2026-06-24 15:55:24,-0.98,12.587,27.41,345.01,-1.0,111.0
2026-06-24 15:55:24,-0.98,12.587,27.41,345.01,-1.0,110.75
2026-06-24 15:55:25,-0.98,12.587,27.41,345.01,-1.0,110.75
2026-06-24 15:55:25,-0.98,12.587,27.41,345.01,-1.0,110.75
2026-06-24 15:55:25,-0.979,12.587,27.41,345.01,-1.0,110.5
2026-06-24 15:55:25,-0.979,12.587,27.41,345.01,-1.0,110.5
2026-06-24 15:55:25,-0.979,12.587,27.41,345.01,-1.0,110.25
2026-06-24 15:55:25,-0.979,12.587,27.41,345.01,-1.0,110.25
2026-06-24 15:55:25,-0.979,12.587,27.41,345.01,-1.0,110.25
2026-06-24 15:55:25,-0.979,12.587,27.33,344.003,-1.0,110.0
2026-06-24 15:55:25,-0.979,12.587,27.33,344.003,-1.0,110.0
2026-06-24 15:55:25,-0.979,12.587,27.41,345.01,-1.0,109.75
2026-06-24 15:55:26,-0.979,12.587,27.41,345.01,-1.0,109.75
2026-06-24 15:55:26,-0.979,12.587,27.41,345.01,-1.0,109.5
2026-06-24 15:55:26,-0.979,12.587,27.41,345.01,-1.0,109.5
2026-06-24 15:55:26,-0.979,12.587,27.41,345.01,-1.0,109.5
2026-06-24 15:55:26,-0.979,12.587,27.33,344.003,-1.0,109.25
2026-06-24 15:55:26,-0.979,12.587,27.33,344.003,-1.0,109.25
2026-06-24 15:55:26,-0.979,12.587,27.41,345.01,-1.0,109.0
2026-06-24 15:55:26,-0.979,12.587,27.41,345.01,-1.0,109.0
2026-06-24 15:55:26,-0.979,12.587,27.41,345.01,-1.0,109.0
2026-06-24 15:55:26,-0.979,12.587,27.41,345.01,-1.0,108.75
2026-06-24 15:55:27,-0.979,12.587,27.41,345.01,-1.0,108.75
2026-06-24 15:55:27,-0.978,12.587,27.41,345.01,-1.0,108.5
2026-06-24 15:55:27,-0.978,12.587,27.41,345.01,-1.0,108.5
2026-06-24 15:55:27,-0.978,12.587,27.41,345.01,-1.0,108.5
2026-06-24 15:55:27,-0.979,12.587,27.41,345.01,-1.0,108.25
2026-06-24 15:55:27,-0.979,12.587,27.41,345.01,-1.0,108.25
2026-06-24 15:55:27,-0.978,12.587,27.41,345.01,-1.0,108.0
2026-06-24 15:55:27,-0.978,12.587,27.41,345.01,-1.0,108.0
2026-06-24 15:55:27,-0.978,12.587,27.41,345.01,-1.0,108.0
2026-06-24 15:55:27,-0.978,12.587,27.41,345.01,-1.0,107.75
2026-06-24 15:55:28,-0.978,12.587,27.41,345.01,-1.0,107.75
2026-06-24 15:55:28,-0.978,12.587,27.33,344.003,-1.0,107.5
2026-06-24 15:55:28,-0.978,12.587,27.33,344.003,-1.0,107.5
2026-06-24 15:55:28,-0.978,12.587,27.33,344.003,-1.0,107.5
2026-06-24 15:55:28,-0.978,12.587,27.33,344.003,-1.0,107.25
2026-06-24 15:55:28,-0.978,12.587,27.33,344.003,-1.0,107.25
2026-06-24 15:55:28,-0.978,12.587,27.33,344.003,-1.0,107.0
2026-06-24 15:55:28,-0.978,12.587,27.33,344.003,-1.0,107.0
2026-06-24 15:55:28,-0.978,12.587,27.33,344.003,-1.0,107.0
2026-06-24 15:55:28,-0.978,12.587,27.41,345.01,-1.0,106.75
2026-06-24 15:55:29,-0.978,12.587,27.41,345.01,-1.0,106.75
2026-06-24 15:55:29,-0.978,12.587,27.33,344.003,-1.0,106.5
2026-06-24 15:55:29,-0.978,12.587,27.33,344.003,-1.0,106.5
2026-06-24 15:55:29,-0.978,12.587,27.33,344.003,-1.0,106.5
2026-06-24 15:55:29,-0.978,12.587,27.33,344.003,-1.0,106.25
2026-06-24 15:55:29,-0.978,12.587,27.33,344.003,-1.0,106.25
2026-06-24 15:55:29,-0.978,12.587,27.33,344.003,-1.0,106.0
2026-06-24 15:55:29,-0.978,12.587,27.33,344.003,-1.0,106.0
2026-06-24 15:55:29,-0.978,12.587,27.33,344.003,-1.0,106.0
2026-06-24 15:55:29,-0.978,12.587,27.33,344.003,-1.0,105.75
2026-06-24 15:55:30,-0.978,12.587,27.33,344.003,-1.0,105.75
2026-06-24 15:55:33,-0.974,12.587,27.41,345.01,-1.5,102.49
2026-06-24 15:55:33,-0.974,12.587,27.41,345.01,-1.5,102.49
2026-06-24 15:55:34,-0.974,12.587,27.41,345.01,-1.5,102.49
2026-06-24 15:55:34,-0.938,12.587,27.08,340.856,-1.5,102.25
2026-06-24 15:55:34,-0.938,12.587,27.08,340.856,-1.5,102.25
2026-06-24 15:55:34,-1.101,12.587,24.92,313.668,-1.5,101.99
2026-06-24 15:55:34,-1.101,12.587,24.92,313.668,-1.5,101.99
2026-06-24 15:55:34,-1.101,12.587,24.92,313.668,-1.5,101.99
2026-06-24 15:55:34,-1.33,12.587,24.92,313.668,-1.5,101.66
2026-06-24 15:55:34,-1.33,12.587,24.92,313.668,-1.5,101.66
2026-06-24 15:55:34,-1.449,12.587,25.92,326.255,-1.5,101.28
2026-06-24 15:55:35,-1.449,12.587,25.92,326.255,-1.5,101.28
2026-06-24 15:55:35,-1.449,12.587,25.92,326.255,-1.5,101.28
2026-06-24 15:55:35,-1.481,12.587,26.92,338.842,-1.5,100.89
2026-06-24 15:55:35,-1.481,12.587,26.92,338.842,-1.5,100.89
2026-06-24 15:55:35,-1.474,12.587,27.08,340.856,-1.5,100.5
2026-06-24 15:55:35,-1.474,12.587,27.08,340.856,-1.5,100.5
2026-06-24 15:55:35,-1.474,12.587,27.08,340.856,-1.5,100.5
2026-06-24 15:55:35,-1.454,12.587,27.25,342.996,-1.5,100.12
2026-06-24 15:55:35,-1.454,12.587,27.25,342.996,-1.5,100.12
2026-06-24 15:55:35,-1.436,12.587,27.17,341.989,-1.5,99.74
2026-06-24 15:55:36,-1.436,12.587,27.17,341.989,-1.5,99.74
2026-06-24 15:55:36,-1.436,12.587,27.17,341.989,-1.5,99.74
2026-06-24 15:55:36,-1.425,12.587,27.08,340.856,-1.5,99.37
2026-06-24 15:55:36,-1.425,12.587,27.08,340.856,-1.5,99.37
2026-06-24 15:55:36,-1.424,12.587,27.0,339.849,-1.5,99.0
2026-06-24 15:55:36,-1.424,12.587,27.0,339.849,-1.5,99.0
2026-06-24 15:55:36,-1.424,12.587,27.0,339.849,-1.5,99.0
2026-06-24 15:55:36,-1.43,12.587,26.92,338.842,-1.5,98.64
2026-06-24 15:55:36,-1.43,12.587,26.92,338.842,-1.5,98.64
2026-06-24 15:55:36,-1.437,12.587,26.92,338.842,-1.5,98.27
2026-06-24 15:55:37,-1.437,12.587,26.92,338.842,-1.5,98.27
2026-06-24 15:55:37,-1.437,12.587,26.92,338.842,-1.5,98.27
2026-06-24 15:55:37,-1.445,12.587,26.92,338.842,-1.5,97.9
2026-06-24 15:55:37,-1.445,12.587,26.92,338.842,-1.5,97.9
2026-06-24 15:55:37,-1.451,12.587,26.92,338.842,-1.5,97.53
2026-06-24 15:55:37,-1.451,12.587,26.92,338.842,-1.5,97.53
2026-06-24 15:55:37,-1.451,12.587,26.92,338.842,-1.5,97.53
2026-06-24 15:55:37,-1.458,12.587,26.92,338.842,-1.5,97.16
2026-06-24 15:55:37,-1.458,12.587,26.92,338.842,-1.5,97.16
2026-06-24 15:55:37,-1.462,12.587,26.92,338.842,-1.5,96.78
2026-06-24 15:55:38,-1.462,12.587,26.92,338.842,-1.5,96.78
2026-06-24 15:55:38,-1.462,12.587,26.92,338.842,-1.5,96.78
2026-06-24 15:55:38,-1.465,12.587,26.92,338.842,-1.5,96.41
2026-06-24 15:55:38,-1.465,12.587,26.92,338.842,-1.5,96.41
2026-06-24 15:55:38,-1.466,12.587,26.92,338.842,-1.5,96.04
2026-06-24 15:55:38,-1.466,12.587,26.92,338.842,-1.5,96.04
2026-06-24 15:55:38,-1.468,12.587,26.92,338.842,-1.5,95.67
2026-06-24 15:55:38,-1.468,12.587,26.92,338.842,-1.5,95.67
2026-06-24 15:55:38,-1.468,12.587,26.92,338.842,-1.5,95.67
2026-06-24 15:55:38,-1.469,12.587,26.92,338.842,-1.5,95.29
2026-06-24 15:55:39,-1.469,12.587,26.92,338.842,-1.5,95.29
2026-06-24 15:55:39,-1.469,12.587,26.92,338.842,-1.5,95.29
2026-06-24 15:55:39,-1.47,12.587,26.92,338.842,-1.5,94.92
2026-06-24 15:55:39,-1.47,12.587,26.92,338.842,-1.5,94.92
2026-06-24 15:55:39,-1.47,12.587,26.92,338.842,-1.5,94.54
2026-06-24 15:55:39,-1.47,12.587,26.92,338.842,-1.5,94.54
2026-06-24 15:55:39,-1.471,12.587,26.92,338.842,-1.5,94.17
2026-06-24 15:55:39,-1.471,12.587,26.92,338.842,-1.5,94.17
2026-06-24 15:55:39,-1.471,12.587,26.92,338.842,-1.5,94.17
2026-06-24 15:55:39,-1.472,12.587,26.92,338.842,-1.5,93.79
2026-06-24 15:55:40,-1.472,12.587,26.92,338.842,-1.5,93.79
2026-06-24 15:55:40,-1.472,12.587,27.0,339.849,-1.5,93.41
2026-06-24 15:55:40,-1.472,12.587,27.0,339.849,-1.5,93.41
2026-06-24 15:55:40,-1.472,12.587,27.0,339.849,-1.5,93.41
2026-06-24 15:55:40,-1.472,12.587,27.0,339.849,-1.5,93.04
2026-06-24 15:55:40,-1.472,12.587,27.0,339.849,-1.5,93.04
2026-06-24 15:55:40,-1.472,12.587,27.0,339.849,-1.5,92.67
2026-06-24 15:55:40,-1.472,12.587,27.0,339.849,-1.5,92.67
2026-06-24 15:55:40,-1.472,12.587,27.0,339.849,-1.5,92.67
2026-06-24 15:55:40,-1.472,12.587,26.92,338.842,-1.5,92.29
2026-06-24 15:55:41,-1.472,12.587,26.92,338.842,-1.5,92.29
2026-06-24 15:55:41,-1.472,12.587,26.92,338.842,-1.5,91.92
2026-06-24 15:55:41,-1.472,12.587,26.92,338.842,-1.5,91.92
2026-06-24 15:55:41,-1.472,12.587,26.92,338.842,-1.5,91.92
2026-06-24 15:55:41,-1.472,12.587,27.0,339.849,-1.5,91.54
2026-06-24 15:55:41,-1.472,12.587,27.0,339.849,-1.5,91.54
2026-06-24 15:55:41,-1.472,12.587,27.0,339.849,-1.5,91.17
2026-06-24 15:55:41,-1.472,12.587,27.0,339.849,-1.5,91.17
2026-06-24 15:55:41,-1.472,12.587,27.0,339.849,-1.5,91.17
2026-06-24 15:55:41,-1.472,12.587,27.0,339.849,-1.5,90.79
2026-06-24 15:55:42,-1.472,12.587,27.0,339.849,-1.5,90.79
2026-06-24 15:55:42,-1.473,12.587,27.0,339.849,-1.5,90.41
2026-06-24 15:55:42,-1.473,12.587,27.0,339.849,-1.5,90.41
2026-06-24 15:55:42,-1.473,12.587,27.0,339.849,-1.5,90.41
2026-06-24 15:55:42,-1.472,12.587,27.0,339.849,-1.5,90.04
2026-06-24 15:55:42,-1.472,12.587,27.0,339.849,-1.5,90.04
2026-06-24 15:55:42,-1.472,12.587,27.0,339.849,-1.5,89.67
2026-06-24 15:55:42,-1.472,12.587,27.0,339.849,-1.5,89.67
2026-06-24 15:55:42,-1.472,12.587,27.0,339.849,-1.5,89.67
2026-06-24 15:55:42,-1.472,12.587,26.92,338.842,-1.5,89.29
2026-06-24 15:55:43,-1.472,12.587,26.92,338.842,-1.5,89.29
2026-06-24 15:55:43,-1.472,12.587,27.0,339.849,-1.5,88.92
2026-06-24 15:55:43,-1.472,12.587,27.0,339.849,-1.5,88.92
2026-06-24 15:55:43,-1.472,12.587,27.0,339.849,-1.5,88.92
2026-06-24 15:55:43,-1.472,12.587,27.0,339.849,-1.5,88.54
2026-06-24 15:55:43,-1.472,12.587,27.0,339.849,-1.5,88.54
2026-06-24 15:55:43,-1.472,12.587,27.0,339.849,-1.5,88.17
2026-06-24 15:55:43,-1.472,12.587,27.0,339.849,-1.5,88.17
2026-06-24 15:55:43,-1.472,12.587,27.0,339.849,-1.5,88.17
2026-06-24 15:55:43,-1.473,12.587,26.92,338.842,-1.5,87.79
2026-06-24 15:55:44,-1.473,12.587,26.92,338.842,-1.5,87.79
2026-06-24 15:55:44,-1.473,12.587,27.0,339.849,-1.5,87.41
2026-06-24 15:55:44,-1.473,12.587,27.0,339.849,-1.5,87.41
2026-06-24 15:55:44,-1.473,12.587,27.0,339.849,-1.5,87.41
2026-06-24 15:55:44,-1.472,12.587,27.0,339.849,-1.5,87.04
2026-06-24 15:55:44,-1.472,12.587,27.0,339.849,-1.5,87.04
2026-06-24 15:55:44,-1.472,12.587,27.0,339.849,-1.5,86.66
2026-06-24 15:55:44,-1.472,12.587,27.0,339.849,-1.5,86.66
2026-06-24 15:55:44,-1.472,12.587,27.0,339.849,-1.5,86.66
2026-06-24 15:55:44,-1.471,12.587,27.0,339.849,-1.5,86.29
2026-06-24 15:55:45,-1.471,12.587,27.0,339.849,-1.5,86.29
2026-06-24 15:55:45,-1.47,12.587,27.0,339.849,-1.5,85.91
2026-06-24 15:55:45,-1.47,12.587,27.0,339.849,-1.5,85.91
2026-06-24 15:55:45,-1.47,12.587,27.0,339.849,-1.5,85.91
2026-06-24 15:55:45,-1.47,12.587,27.0,339.849,-1.5,85.54
2026-06-24 15:55:45,-1.47,12.587,27.0,339.849,-1.5,85.54
2026-06-24 15:55:45,-1.469,12.587,27.0,339.849,-1.5,85.16
2026-06-24 15:55:45,-1.469,12.587,27.0,339.849,-1.5,85.16
2026-06-24 15:55:45,-1.469,12.587,27.0,339.849,-1.5,85.16
2026-06-24 15:55:45,-1.47,12.587,27.0,339.849,-1.5,84.79
2026-06-24 15:55:46,-1.47,12.587,27.0,339.849,-1.5,84.79
2026-06-24 15:55:46,-1.471,12.587,27.0,339.849,-1.5,84.41
2026-06-24 15:55:46,-1.471,12.587,27.0,339.849,-1.5,84.41
2026-06-24 15:55:46,-1.471,12.587,27.0,339.849,-1.5,84.41
2026-06-24 15:55:46,-1.47,12.587,27.0,339.849,-1.5,84.03
2026-06-24 15:55:46,-1.47,12.587,27.0,339.849,-1.5,84.03
2026-06-24 15:55:46,-1.471,12.587,27.0,339.849,-1.5,83.66
2026-06-24 15:55:46,-1.471,12.587,27.0,339.849,-1.5,83.66
2026-06-24 15:55:46,-1.471,12.587,27.0,339.849,-1.5,83.66
2026-06-24 15:55:46,-1.471,12.587,27.0,339.849,-1.5,83.29
2026-06-24 15:55:47,-1.471,12.587,27.0,339.849,-1.5,83.29
2026-06-24 15:55:47,-1.472,12.587,27.0,339.849,-1.5,82.91
2026-06-24 15:55:47,-1.472,12.587,27.0,339.849,-1.5,82.91
2026-06-24 15:55:47,-1.472,12.587,27.0,339.849,-1.5,82.91
2026-06-24 15:55:47,-1.472,12.587,26.92,338.842,-1.5,82.54
2026-06-24 15:55:47,-1.472,12.587,26.92,338.842,-1.5,82.54
2026-06-24 15:55:47,-1.473,12.587,26.92,338.842,-1.5,82.17
2026-06-24 15:55:47,-1.473,12.587,26.92,338.842,-1.5,82.17
2026-06-24 15:55:47,-1.473,12.587,26.92,338.842,-1.5,82.17
2026-06-24 15:55:47,-1.473,12.587,27.0,339.849,-1.5,81.79
2026-06-24 15:55:48,-1.473,12.587,27.0,339.849,-1.5,81.79
2026-06-24 15:55:48,-1.474,12.587,26.92,338.842,-1.5,81.42
2026-06-24 15:55:48,-1.474,12.587,26.92,338.842,-1.5,81.42
2026-06-24 15:55:48,-1.474,12.587,26.92,338.842,-1.5,81.42
2026-06-24 15:55:48,-1.475,12.587,27.0,339.849,-1.5,81.04
2026-06-24 15:55:48,-1.475,12.587,27.0,339.849,-1.5,81.04
2026-06-24 15:55:48,-1.475,12.587,26.92,338.842,-1.5,80.66
2026-06-24 15:55:48,-1.475,12.587,26.92,338.842,-1.5,80.66
2026-06-24 15:55:48,-1.475,12.587,26.92,338.842,-1.5,80.66
2026-06-24 15:55:49,-1.475,12.587,26.92,338.842,-1.5,80.29
2026-06-24 15:55:49,-1.475,12.587,26.92,338.842,-1.5,80.29
2026-06-24 15:55:49,-1.475,12.587,26.92,338.842,-1.5,79.92
2026-06-24 15:55:49,-1.475,12.587,26.92,338.842,-1.5,79.92
2026-06-24 15:55:49,-1.475,12.587,26.92,338.842,-1.5,79.92
2026-06-24 15:55:49,-1.475,12.587,26.92,338.842,-1.5,79.54
2026-06-24 15:55:49,-1.475,12.587,26.92,338.842,-1.5,79.54
2026-06-24 15:55:49,-1.475,12.587,26.92,338.842,-1.5,79.17
2026-06-24 15:55:49,-1.475,12.587,26.92,338.842,-1.5,79.17
2026-06-24 15:55:49,-1.475,12.587,26.92,338.842,-1.5,78.79
2026-06-24 15:55:50,-1.475,12.587,27.0,339.849,-1.5,78.79
2026-06-24 15:55:50,-1.475,12.587,27.0,339.849,-1.5,78.79
2026-06-24 15:55:50,-1.475,12.587,27.0,339.849,-1.5,78.42
2026-06-24 15:55:50,-1.475,12.587,27.0,339.849,-1.5,78.42
2026-06-24 15:55:50,-1.476,12.587,26.92,338.842,-1.5,78.04
2026-06-24 15:55:50,-1.476,12.587,26.92,338.842,-1.5,78.04
2026-06-24 15:55:50,-1.476,12.587,26.92,338.842,-1.5,78.04
2026-06-24 15:55:50,-1.476,12.587,27.0,339.849,-1.5,77.67
2026-06-24 15:55:50,-1.476,12.587,27.0,339.849,-1.5,77.67
2026-06-24 15:55:50,-1.478,12.587,26.92,338.842,-1.5,77.29
2026-06-24 15:55:51,-1.478,12.587,26.92,338.842,-1.5,77.29
2026-06-24 15:55:51,-1.478,12.587,26.92,338.842,-1.5,77.29
2026-06-24 15:55:51,-1.48,12.587,26.92,338.842,-1.5,76.92
2026-06-24 15:55:51,-1.48,12.587,26.92,338.842,-1.5,76.92
2026-06-24 15:55:51,-1.482,12.587,26.92,338.842,-1.5,76.55
2026-06-24 15:55:51,-1.482,12.587,26.92,338.842,-1.5,76.55
2026-06-24 15:55:51,-1.482,12.587,26.92,338.842,-1.5,76.55
2026-06-24 15:55:51,-1.483,12.587,26.92,338.842,-1.5,76.17
2026-06-24 15:55:51,-1.483,12.587,26.92,338.842,-1.5,76.17
2026-06-24 15:55:54,-1.475,12.587,26.92,338.842,-2.0,71.29
2026-06-24 15:55:55,-1.475,12.587,26.92,338.842,-2.0,71.29
2026-06-24 15:55:55,-1.475,12.587,26.92,338.842,-2.0,71.29
2026-06-24 15:55:55,-1.448,12.587,26.33,331.416,-2.0,70.92
2026-06-24 15:55:55,-1.448,12.587,26.33,331.416,-2.0,70.92
2026-06-24 15:55:55,-1.687,12.587,23.09,290.634,-2.0,70.53
2026-06-24 15:55:55,-1.687,12.587,23.09,290.634,-2.0,70.53
2026-06-24 15:55:55,-1.687,12.587,23.09,290.634,-2.0,70.53
2026-06-24 15:55:55,-1.901,12.587,24.84,312.661,-2.0,70.08
2026-06-24 15:55:55,-1.901,12.587,24.84,312.661,-2.0,70.08
2026-06-24 15:55:55,-1.997,12.587,25.67,323.108,-2.0,69.58
2026-06-24 15:55:56,-1.997,12.587,25.67,323.108,-2.0,69.58
2026-06-24 15:55:56,-1.997,12.587,25.67,323.108,-2.0,69.58
2026-06-24 15:55:56,-2.025,12.587,26.33,331.416,-2.0,69.07
2026-06-24 15:55:56,-2.025,12.587,26.33,331.416,-2.0,69.07
2026-06-24 15:55:56,-2.02,12.587,26.5,333.556,-2.0,68.56
2026-06-24 15:55:56,-2.02,12.587,26.5,333.556,-2.0,68.56
2026-06-24 15:55:56,-2.02,12.587,26.5,333.556,-2.0,68.56
2026-06-24 15:55:56,-2.002,12.587,26.67,335.695,-2.0,68.04
2026-06-24 15:55:56,-2.002,12.587,26.67,335.695,-2.0,68.04
2026-06-24 15:55:56,-1.985,12.587,26.67,335.695,-2.0,67.54
2026-06-24 15:55:57,-1.985,12.587,26.67,335.695,-2.0,67.54
2026-06-24 15:55:57,-1.985,12.587,26.67,335.695,-2.0,67.54
2026-06-24 15:55:57,-1.972,12.587,26.58,334.562,-2.0,67.04
2026-06-24 15:55:57,-1.972,12.587,26.58,334.562,-2.0,67.04
2026-06-24 15:55:57,-1.966,12.587,26.58,334.562,-2.0,66.54
2026-06-24 15:55:57,-1.966,12.587,26.58,334.562,-2.0,66.54
2026-06-24 15:55:57,-1.966,12.587,26.58,334.562,-2.0,66.54
2026-06-24 15:55:57,-1.962,12.587,26.5,333.556,-2.0,66.04
2026-06-24 15:55:57,-1.962,12.587,26.5,333.556,-2.0,66.04
2026-06-24 15:55:57,-1.961,12.587,26.5,333.556,-2.0,65.54
2026-06-24 15:55:58,-1.961,12.587,26.5,333.556,-2.0,65.54
2026-06-24 15:55:58,-1.961,12.587,26.5,333.556,-2.0,65.54
2026-06-24 15:55:58,-1.961,12.587,26.5,333.556,-2.0,65.04
2026-06-24 15:55:58,-1.961,12.587,26.5,333.556,-2.0,65.04
2026-06-24 15:55:58,-1.962,12.587,26.5,333.556,-2.0,64.54
2026-06-24 15:55:58,-1.962,12.587,26.5,333.556,-2.0,64.54
2026-06-24 15:55:58,-1.962,12.587,26.5,333.556,-2.0,64.54
2026-06-24 15:55:58,-1.964,12.587,26.5,333.556,-2.0,64.03
2026-06-24 15:55:58,-1.964,12.587,26.5,333.556,-2.0,64.03
2026-06-24 15:55:58,-1.964,12.587,26.5,333.556,-2.0,63.53
2026-06-24 15:55:59,-1.964,12.587,26.5,333.556,-2.0,63.53
2026-06-24 15:55:59,-1.964,12.587,26.5,333.556,-2.0,63.53
2026-06-24 15:55:59,-1.963,12.587,26.5,333.556,-2.0,63.03
2026-06-24 15:55:59,-1.963,12.587,26.5,333.556,-2.0,63.03
2026-06-24 15:55:59,-1.962,12.587,26.5,333.556,-2.0,62.53
2026-06-24 15:55:59,-1.962,12.587,26.5,333.556,-2.0,62.53
2026-06-24 15:55:59,-1.962,12.587,26.5,333.556,-2.0,62.53
2026-06-24 15:55:59,-1.96,12.587,26.5,333.556,-2.0,62.03
2026-06-24 15:55:59,-1.96,12.587,26.5,333.556,-2.0,62.03
2026-06-24 15:55:59,-1.959,12.587,26.5,333.556,-2.0,61.53
2026-06-24 15:56:00,-1.959,12.587,26.5,333.556,-2.0,61.53
2026-06-24 15:56:00,-1.959,12.587,26.5,333.556,-2.0,61.53
2026-06-24 15:56:00,-1.958,12.587,26.5,333.556,-2.0,61.03
2026-06-24 15:56:00,-1.958,12.587,26.5,333.556,-2.0,61.03
2026-06-24 15:56:00,-1.957,12.587,26.5,333.556,-2.0,60.53
2026-06-24 15:56:00,-1.957,12.587,26.5,333.556,-2.0,60.53
2026-06-24 15:56:00,-1.957,12.587,26.5,333.556,-2.0,60.53
2026-06-24 15:56:00,-1.958,12.587,26.5,333.556,-2.0,60.03
2026-06-24 15:56:00,-1.958,12.587,26.5,333.556,-2.0,60.03
2026-06-24 15:56:00,-1.958,12.587,26.5,333.556,-2.0,59.53
2026-06-24 15:56:01,-1.958,12.587,26.5,333.556,-2.0,59.53
2026-06-24 15:56:01,-1.958,12.587,26.5,333.556,-2.0,59.53
2026-06-24 15:56:01,-1.958,12.587,26.5,333.556,-2.0,59.03
2026-06-24 15:56:01,-1.958,12.587,26.5,333.556,-2.0,59.03
2026-06-24 15:56:01,-1.958,12.587,26.5,333.556,-2.0,58.53
2026-06-24 15:56:01,-1.958,12.587,26.5,333.556,-2.0,58.53
2026-06-24 15:56:01,-1.958,12.587,26.5,333.556,-2.0,58.53
2026-06-24 15:56:01,-1.959,12.587,26.5,333.556,-2.0,58.03
2026-06-24 15:56:01,-1.959,12.587,26.5,333.556,-2.0,58.03
2026-06-24 15:56:01,-1.959,12.587,26.5,333.556,-2.0,57.53
2026-06-24 15:56:02,-1.959,12.587,26.5,333.556,-2.0,57.53
2026-06-24 15:56:02,-1.959,12.587,26.5,333.556,-2.0,57.53
2026-06-24 15:56:02,-1.959,12.587,26.5,333.556,-2.0,57.03
2026-06-24 15:56:02,-1.959,12.587,26.5,333.556,-2.0,57.03
2026-06-24 15:56:02,-1.959,12.587,26.5,333.556,-2.0,56.53
2026-06-24 15:56:02,-1.959,12.587,26.5,333.556,-2.0,56.53
2026-06-24 15:56:02,-1.959,12.587,26.5,333.556,-2.0,56.53
2026-06-24 15:56:02,-1.961,12.587,26.5,333.556,-2.0,56.04
2026-06-24 15:56:02,-1.961,12.587,26.5,333.556,-2.0,56.04
2026-06-24 15:56:02,-1.962,12.587,26.5,333.556,-2.0,55.53
2026-06-24 15:56:03,-1.962,12.587,26.5,333.556,-2.0,55.53
2026-06-24 15:56:03,-1.962,12.587,26.5,333.556,-2.0,55.53
2026-06-24 15:56:03,-1.962,12.587,26.5,333.556,-2.0,55.03
2026-06-24 15:56:03,-1.962,12.587,26.5,333.556,-2.0,55.03
2026-06-24 15:56:03,-1.963,12.587,26.5,333.556,-2.0,54.53
2026-06-24 15:56:03,-1.963,12.587,26.5,333.556,-2.0,54.53
2026-06-24 15:56:03,-1.963,12.587,26.5,333.556,-2.0,54.53
2026-06-24 15:56:03,-1.964,12.587,26.5,333.556,-2.0,54.04
2026-06-24 15:56:03,-1.964,12.587,26.5,333.556,-2.0,54.04
2026-06-24 15:56:03,-1.964,12.587,26.5,333.556,-2.0,53.54
2026-06-24 15:56:04,-1.964,12.587,26.5,333.556,-2.0,53.54
2026-06-24 15:56:04,-1.964,12.587,26.5,333.556,-2.0,53.54
2026-06-24 15:56:04,-1.965,12.587,26.5,333.556,-2.0,53.04
2026-06-24 15:56:04,-1.965,12.587,26.5,333.556,-2.0,53.04
2026-06-24 15:56:04,-1.965,12.587,26.5,333.556,-2.0,52.54
2026-06-24 15:56:04,-1.965,12.587,26.5,333.556,-2.0,52.54
2026-06-24 15:56:04,-1.965,12.587,26.5,333.556,-2.0,52.54
2026-06-24 15:56:04,-1.966,12.587,26.5,333.556,-2.0,52.04
2026-06-24 15:56:04,-1.966,12.587,26.5,333.556,-2.0,52.04
2026-06-24 15:56:04,-1.967,12.587,26.5,333.556,-2.0,51.53
2026-06-24 15:56:05,-1.967,12.587,26.5,333.556,-2.0,51.53
2026-06-24 15:56:05,-1.967,12.587,26.5,333.556,-2.0,51.53
2026-06-24 15:56:05,-1.967,12.587,26.5,333.556,-2.0,51.03
2026-06-24 15:56:05,-1.967,12.587,26.5,333.556,-2.0,51.03
2026-06-24 15:56:05,-1.968,12.587,26.5,333.556,-2.0,50.54
2026-06-24 15:56:05,-1.968,12.587,26.5,333.556,-2.0,50.54
2026-06-24 15:56:05,-1.968,12.587,26.5,333.556,-2.0,50.54
2026-06-24 15:56:05,-1.971,12.587,26.5,333.556,-2.0,50.04
2026-06-24 15:56:05,-1.971,12.587,26.5,333.556,-2.0,50.04
2026-06-24 15:56:05,-1.973,12.587,26.5,333.556,-2.0,49.54
2026-06-24 15:56:06,-1.973,12.587,26.5,333.556,-2.0,49.54
2026-06-24 15:56:06,-1.974,12.587,26.5,333.556,-2.0,49.04
2026-06-24 15:56:06,-1.974,12.587,26.5,333.556,-2.0,49.04
2026-06-24 15:56:06,-1.974,12.587,26.5,333.556,-2.0,49.04
2026-06-24 15:56:06,-1.975,12.587,26.5,333.556,-2.0,48.55
2026-06-24 15:56:06,-1.975,12.587,26.5,333.556,-2.0,48.55
2026-06-24 15:56:07,-1.976,12.587,26.5,333.556,-2.0,48.05
2026-06-24 15:56:07,-1.976,12.587,26.5,333.556,-2.0,48.05
2026-06-24 15:56:07,-1.976,12.587,26.5,333.556,-2.0,48.05
2026-06-24 15:56:07,-1.977,12.587,26.5,333.556,-2.0,47.55
2026-06-24 15:56:07,-1.977,12.587,26.5,333.556,-2.0,47.55
2026-06-24 15:56:07,-1.977,12.587,26.5,333.556,-2.0,47.04
2026-06-24 15:56:08,-1.977,12.587,26.5,333.556,-2.0,47.04
2026-06-24 15:56:08,-1.977,12.587,26.5,333.556,-2.0,47.04
2026-06-24 15:56:08,-1.976,12.587,26.5,333.556,-2.0,46.54
2026-06-24 15:56:08,-1.976,12.587,26.5,333.556,-2.0,46.54
2026-06-24 15:56:08,-1.976,12.587,26.5,333.556,-2.0,46.04
2026-06-24 15:56:08,-1.976,12.587,26.5,333.556,-2.0,46.04
2026-06-24 15:56:08,-1.976,12.587,26.5,333.556,-2.0,46.04
2026-06-24 15:56:08,-1.975,12.587,26.5,333.556,-2.0,45.54
2026-06-24 15:56:08,-1.975,12.587,26.5,333.556,-2.0,45.54
2026-06-24 15:56:08,-1.974,12.587,26.5,333.556,-2.0,45.04
2026-06-24 15:56:09,-1.974,12.587,26.5,333.556,-2.0,45.04
2026-06-24 15:56:09,-1.974,12.587,26.5,333.556,-2.0,45.04
2026-06-24 15:56:12,-1.969,12.587,26.5,333.556,-2.5,38.53
2026-06-24 15:56:12,-1.969,12.587,26.5,333.556,-2.5,38.53
2026-06-24 15:56:12,-1.861,12.587,26.67,335.695,-2.5,38.05
2026-06-24 15:56:12,-1.861,12.587,26.67,335.695,-2.5,38.05
2026-06-24 15:56:12,-1.861,12.587,26.67,335.695,-2.5,38.05
2026-06-24 15:56:12,-2.137,12.587,22.26,280.187,-2.5,37.55
2026-06-24 15:56:12,-2.137,12.587,22.26,280.187,-2.5,37.55
2026-06-24 15:56:12,-2.375,12.587,24.17,304.228,-2.5,36.97
2026-06-24 15:56:13,-2.375,12.587,24.17,304.228,-2.5,36.97
2026-06-24 15:56:13,-2.375,12.587,24.17,304.228,-2.5,36.97
2026-06-24 15:56:13,-2.485,12.587,25.09,315.808,-2.5,36.36
2026-06-24 15:56:13,-2.485,12.587,25.09,315.808,-2.5,36.36
2026-06-24 15:56:13,-2.519,12.587,25.75,324.115,-2.5,35.72
2026-06-24 15:56:13,-2.519,12.587,25.75,324.115,-2.5,35.72
2026-06-24 15:56:13,-2.519,12.587,25.75,324.115,-2.5,35.72
2026-06-24 15:56:13,-2.514,12.587,26.08,328.269,-2.5,35.09
2026-06-24 15:56:13,-2.514,12.587,26.08,328.269,-2.5,35.09
2026-06-24 15:56:13,-2.497,12.587,26.17,329.402,-2.5,34.45
2026-06-24 15:56:14,-2.497,12.587,26.17,329.402,-2.5,34.45
2026-06-24 15:56:14,-2.497,12.587,26.17,329.402,-2.5,34.45
2026-06-24 15:56:14,-2.479,12.587,26.17,329.402,-2.5,33.81
2026-06-24 15:56:14,-2.479,12.587,26.17,329.402,-2.5,33.81
2026-06-24 15:56:14,-2.464,12.587,26.08,328.269,-2.5,33.18
2026-06-24 15:56:14,-2.464,12.587,26.08,328.269,-2.5,33.18
2026-06-24 15:56:14,-2.464,12.587,26.08,328.269,-2.5,33.18
2026-06-24 15:56:14,-2.455,12.587,26.08,328.269,-2.5,32.56
2026-06-24 15:56:14,-2.455,12.587,26.08,328.269,-2.5,32.56
2026-06-24 15:56:14,-2.449,12.587,26.08,328.269,-2.5,31.93
2026-06-24 15:56:15,-2.449,12.587,26.08,328.269,-2.5,31.93
2026-06-24 15:56:15,-2.449,12.587,26.08,328.269,-2.5,31.93
2026-06-24 15:56:15,-2.446,12.587,26.0,327.262,-2.5,31.3
2026-06-24 15:56:15,-2.446,12.587,26.0,327.262,-2.5,31.3
2026-06-24 15:56:15,-2.445,12.587,26.0,327.262,-2.5,30.68
2026-06-24 15:56:15,-2.445,12.587,26.0,327.262,-2.5,30.68
2026-06-24 15:56:15,-2.445,12.587,26.0,327.262,-2.5,30.68
2026-06-24 15:56:15,-2.446,12.587,26.0,327.262,-2.5,30.06
2026-06-24 15:56:15,-2.446,12.587,26.0,327.262,-2.5,30.06
2026-06-24 15:56:15,-2.447,12.587,26.0,327.262,-2.5,29.43
2026-06-24 15:56:16,-2.447,12.587,26.0,327.262,-2.5,29.43
2026-06-24 15:56:16,-2.447,12.587,26.0,327.262,-2.5,29.43
2026-06-24 15:56:16,-2.448,12.587,26.0,327.262,-2.5,28.8
2026-06-24 15:56:16,-2.448,12.587,26.0,327.262,-2.5,28.8
2026-06-24 15:56:16,-2.448,12.587,26.0,327.262,-2.5,28.18
2026-06-24 15:56:16,-2.448,12.587,26.0,327.262,-2.5,28.18
2026-06-24 15:56:16,-2.448,12.587,26.0,327.262,-2.5,28.18
2026-06-24 15:56:16,-2.448,12.587,26.0,327.262,-2.5,27.56
2026-06-24 15:56:16,-2.448,12.587,26.0,327.262,-2.5,27.56
2026-06-24 15:56:16,-2.449,12.587,26.0,327.262,-2.5,26.93
2026-06-24 15:56:17,-2.449,12.587,26.0,327.262,-2.5,26.93
2026-06-24 15:56:17,-2.449,12.587,26.0,327.262,-2.5,26.93
2026-06-24 15:56:17,-2.449,12.587,26.0,327.262,-2.5,26.31
2026-06-24 15:56:17,-2.449,12.587,26.0,327.262,-2.5,26.31
2026-06-24 15:56:17,-2.449,12.587,26.0,327.262,-2.5,25.68
2026-06-24 15:56:17,-2.449,12.587,26.0,327.262,-2.5,25.68
2026-06-24 15:56:17,-2.449,12.587,26.0,327.262,-2.5,25.68
2026-06-24 15:56:17,-2.45,12.587,26.0,327.262,-2.5,25.06
2026-06-24 15:56:17,-2.45,12.587,26.0,327.262,-2.5,25.06
2026-06-24 15:56:17,-2.451,12.587,26.0,327.262,-2.5,24.44
2026-06-24 15:56:18,-2.451,12.587,26.0,327.262,-2.5,24.44
2026-06-24 15:56:18,-2.451,12.587,26.0,327.262,-2.5,24.44
2026-06-24 15:56:18,-2.452,12.587,26.0,327.262,-2.5,23.8
2026-06-24 15:56:18,-2.452,12.587,26.0,327.262,-2.5,23.8
2026-06-24 15:56:18,-2.452,12.587,26.0,327.262,-2.5,23.18
2026-06-24 15:56:18,-2.452,12.587,26.0,327.262,-2.5,23.18
2026-06-24 15:56:18,-2.452,12.587,26.0,327.262,-2.5,23.18
2026-06-24 15:56:18,-2.452,12.587,26.0,327.262,-2.5,22.56
2026-06-24 15:56:18,-2.452,12.587,26.0,327.262,-2.5,22.56
2026-06-24 15:56:18,-2.456,12.587,26.0,327.262,-2.5,21.94
2026-06-24 15:56:19,-2.456,12.587,26.0,327.262,-2.5,21.94
2026-06-24 15:56:19,-2.456,12.587,26.0,327.262,-2.5,21.94
2026-06-24 15:56:19,-2.459,12.587,26.0,327.262,-2.5,21.32
2026-06-24 15:56:19,-2.459,12.587,26.0,327.262,-2.5,21.32
2026-06-24 15:56:19,-2.461,12.587,26.0,327.262,-2.5,20.7
2026-06-24 15:56:19,-2.461,12.587,26.0,327.262,-2.5,20.7
2026-06-24 15:56:19,-2.461,12.587,26.0,327.262,-2.5,20.7
2026-06-24 15:56:19,-2.463,12.587,26.0,327.262,-2.5,20.07
2026-06-24 15:56:19,-2.463,12.587,26.0,327.262,-2.5,20.07
2026-06-24 15:56:19,-2.465,12.587,26.0,327.262,-2.5,19.45
2026-06-24 15:56:20,-2.465,12.587,26.0,327.262,-2.5,19.45
2026-06-24 15:56:20,-2.465,12.587,26.0,327.262,-2.5,19.45
2026-06-24 15:56:20,-2.466,12.587,26.0,327.262,-2.5,18.83
2026-06-24 15:56:20,-2.466,12.587,26.0,327.262,-2.5,18.83
2026-06-24 15:56:20,-2.466,12.587,26.0,327.262,-2.5,18.19
2026-06-24 15:56:20,-2.466,12.587,26.0,327.262,-2.5,18.19
2026-06-24 15:56:20,-2.466,12.587,26.0,327.262,-2.5,18.19
2026-06-24 15:56:20,-2.465,12.587,26.0,327.262,-2.5,17.57
2026-06-24 15:56:20,-2.465,12.587,26.0,327.262,-2.5,17.57
2026-06-24 15:56:20,-2.466,12.587,26.0,327.262,-2.5,16.95
2026-06-24 15:56:21,-2.466,12.587,26.0,327.262,-2.5,16.95
2026-06-24 15:56:21,-2.466,12.587,26.0,327.262,-2.5,16.95
2026-06-24 15:56:21,-2.466,12.587,26.0,327.262,-2.5,16.32
2026-06-24 15:56:21,-2.466,12.587,26.0,327.262,-2.5,16.32
2026-06-24 15:56:21,-2.464,12.587,26.0,327.262,-2.5,15.7
2026-06-24 15:56:21,-2.464,12.587,26.0,327.262,-2.5,15.7
2026-06-24 15:56:21,-2.464,12.587,26.0,327.262,-2.5,15.07
2026-06-24 15:56:21,-2.464,12.587,26.0,327.262,-2.5,15.07
2026-06-24 15:56:21,-2.464,12.587,26.0,327.262,-2.5,15.07
2026-06-24 15:56:21,-2.464,12.587,26.0,327.262,-2.5,14.45
2026-06-24 15:56:22,-2.464,12.587,26.0,327.262,-2.5,14.45
2026-06-24 15:56:22,-2.464,12.587,26.0,327.262,-2.5,13.83
2026-06-24 15:56:22,-2.464,12.587,26.0,327.262,-2.5,13.83
2026-06-24 15:56:22,-2.464,12.587,26.0,327.262,-2.5,13.83
2026-06-24 15:56:22,-2.464,12.587,26.0,327.262,-2.5,13.19
2026-06-24 15:56:22,-2.464,12.587,26.0,327.262,-2.5,13.19
2026-06-24 15:56:22,-2.463,12.587,26.0,327.262,-2.5,12.57
2026-06-24 15:56:22,-2.463,12.587,26.0,327.262,-2.5,12.57
2026-06-24 15:56:22,-2.463,12.587,26.0,327.262,-2.5,12.57
2026-06-24 15:56:25,-2.459,12.587,26.08,328.269,-3.0,4.44
2026-06-24 15:56:26,-2.459,12.587,26.08,328.269,-3.0,4.44
2026-06-24 15:56:26,-2.316,12.587,27.66,348.156,-3.0,3.84
2026-06-24 15:56:26,-2.316,12.587,27.66,348.156,-3.0,3.84
2026-06-24 15:56:26,-2.316,12.587,27.66,348.156,-3.0,3.84
2026-06-24 15:56:26,-2.616,12.587,22.1,278.173,-3.0,3.22
2026-06-24 15:56:26,-2.616,12.587,22.1,278.173,-3.0,3.22
2026-06-24 15:56:26,-2.862,12.587,23.34,293.781,-3.0,2.51
2026-06-24 15:56:26,-2.862,12.587,23.34,293.781,-3.0,2.51
2026-06-24 15:56:26,-2.862,12.587,23.34,293.781,-3.0,2.51
2026-06-24 15:56:27,-2.973,12.587,24.67,310.521,-3.0,1.77
2026-06-24 15:56:27,-2.973,12.587,24.67,310.521,-3.0,1.77
