Timestamp,Vz(m/s),Voltage(V),Current(A),Power(W),TargetVz(m/s)
2026-06-18 16:38:28,1.026,12.587,27.33,344.003,0.0
2026-06-18 16:38:28,1.026,12.587,27.33,344.003,0.0
2026-06-18 16:38:28,0.848,12.587,26.17,329.402,0.0
2026-06-18 16:38:28,0.848,12.587,26.17,329.402,0.0
2026-06-18 16:38:28,0.848,12.587,26.17,329.402,0.0
2026-06-18 16:38:28,0.604,12.587,25.67,323.108,0.0
2026-06-18 16:38:29,0.604,12.587,25.67,323.108,0.0
2026-06-18 16:38:29,0.341,12.587,25.25,317.822,0.0
2026-06-18 16:38:29,0.341,12.587,25.25,317.822,0.0
2026-06-18 16:38:29,0.341,12.587,25.25,317.822,0.0
2026-06-18 16:38:29,0.083,12.587,25.25,317.822,0.0
2026-06-18 16:38:29,0.083,12.587,25.25,317.822,0.0
2026-06-18 16:38:29,-0.054,12.587,27.08,340.856,0.0
2026-06-18 16:38:29,-0.054,12.587,27.08,340.856,0.0
2026-06-18 16:38:29,-0.054,12.587,27.08,340.856,0.0
2026-06-18 16:38:29,-0.088,12.587,27.83,350.296,0.0
2026-06-18 16:38:30,-0.088,12.587,27.83,350.296,0.0
2026-06-18 16:38:30,-0.073,12.587,28.33,356.59,0.0
2026-06-18 16:38:30,-0.073,12.587,28.33,356.59,0.0
2026-06-18 16:38:30,-0.073,12.587,28.33,356.59,0.0
2026-06-18 16:38:30,-0.041,12.587,28.41,357.597,0.0
2026-06-18 16:38:30,-0.041,12.587,28.41,357.597,0.0
2026-06-18 16:38:30,-0.012,12.587,28.41,357.597,0.0
2026-06-18 16:38:30,-0.012,12.587,28.41,357.597,0.0
2026-06-18 16:38:30,-0.012,12.587,28.41,357.597,0.0
2026-06-18 16:38:30,0.008,12.587,28.33,356.59,0.0
2026-06-18 16:38:31,0.008,12.587,28.33,356.59,0.0
2026-06-18 16:38:31,0.018,12.587,28.16,354.45,0.0
2026-06-18 16:38:31,0.018,12.587,28.16,354.45,0.0
2026-06-18 16:38:31,0.018,12.587,28.16,354.45,0.0
2026-06-18 16:38:31,0.02,12.587,28.08,353.443,0.0
2026-06-18 16:38:31,0.02,12.587,28.08,353.443,0.0
2026-06-18 16:38:31,0.019,12.587,28.08,353.443,0.0
2026-06-18 16:38:31,0.019,12.587,28.08,353.443,0.0
2026-06-18 16:38:31,0.019,12.587,28.08,353.443,0.0
2026-06-18 16:38:31,0.016,12.587,28.08,353.443,0.0
2026-06-18 16:38:32,0.016,12.587,28.08,353.443,0.0
2026-06-18 16:38:32,0.013,12.587,28.08,353.443,0.0
2026-06-18 16:38:32,0.013,12.587,28.08,353.443,0.0
2026-06-18 16:38:32,0.013,12.587,28.08,353.443,0.0
2026-06-18 16:38:32,0.01,12.587,28.08,353.443,0.0
2026-06-18 16:38:32,0.01,12.587,28.08,353.443,0.0
2026-06-18 16:38:32,0.008,12.587,28.08,353.443,0.0
2026-06-18 16:38:32,0.008,12.587,28.08,353.443,0.0
2026-06-18 16:38:32,0.008,12.587,28.08,353.443,0.0
2026-06-18 16:38:32,0.007,12.587,28.08,353.443,0.0
2026-06-18 16:38:33,0.007,12.587,28.08,353.443,0.0
2026-06-18 16:38:33,0.006,12.587,28.08,353.443,0.0
2026-06-18 16:38:33,0.006,12.587,28.08,353.443,0.0
2026-06-18 16:38:33,0.006,12.587,28.08,353.443,0.0
2026-06-18 16:38:33,0.006,12.587,28.08,353.443,0.0
2026-06-18 16:38:33,0.006,12.587,28.08,353.443,0.0
2026-06-18 16:38:33,0.005,12.587,28.08,353.443,0.0
2026-06-18 16:38:33,0.005,12.587,28.08,353.443,0.0
2026-06-18 16:38:33,0.005,12.587,28.08,353.443,0.0
2026-06-18 16:38:33,0.005,12.587,28.08,353.443,0.0
2026-06-18 16:38:34,0.005,12.587,28.08,353.443,0.0
2026-06-18 16:38:34,0.004,12.587,28.08,353.443,0.0
2026-06-18 16:38:34,0.004,12.587,28.08,353.443,0.0
2026-06-18 16:38:34,0.004,12.587,28.08,353.443,0.0
2026-06-18 16:38:34,0.004,12.587,28.08,353.443,0.0
2026-06-18 16:38:34,0.004,12.587,28.08,353.443,0.0
2026-06-18 16:38:34,0.004,12.587,28.08,353.443,0.0
2026-06-18 16:38:34,0.004,12.587,28.08,353.443,0.0
2026-06-18 16:38:34,0.005,12.587,28.08,353.443,0.0
2026-06-18 16:38:34,0.005,12.587,28.08,353.443,0.0
2026-06-18 16:38:35,0.005,12.587,28.08,353.443,0.0
2026-06-18 16:38:35,0.005,12.587,28.08,353.443,0.0
2026-06-18 16:38:35,0.005,12.587,28.08,353.443,0.0
2026-06-18 16:38:35,0.004,12.587,28.08,353.443,0.0
2026-06-18 16:38:35,0.004,12.587,28.08,353.443,0.0
2026-06-18 16:38:35,0.004,12.587,28.08,353.443,0.0
2026-06-18 16:38:35,0.004,12.587,28.08,353.443,0.0
2026-06-18 16:38:35,0.004,12.587,28.08,353.443,0.0
2026-06-18 16:38:35,0.004,12.587,28.08,353.443,0.0
2026-06-18 16:38:35,0.004,12.587,28.08,353.443,0.0
2026-06-18 16:38:36,0.004,12.587,28.08,353.443,0.0
2026-06-18 16:38:36,0.004,12.587,28.08,353.443,0.0
2026-06-18 16:38:36,0.004,12.587,28.08,353.443,0.0
2026-06-18 16:38:36,0.004,12.587,28.08,353.443,0.0
2026-06-18 16:38:36,0.004,12.587,28.08,353.443,0.0
2026-06-18 16:38:36,0.004,12.587,28.08,353.443,0.0
2026-06-18 16:38:36,0.004,12.587,28.08,353.443,0.0
2026-06-18 16:38:36,0.004,12.587,28.08,353.443,0.0
2026-06-18 16:38:36,0.004,12.587,28.08,353.443,0.0
2026-06-18 16:38:36,0.004,12.587,28.08,353.443,0.0
2026-06-18 16:38:37,0.004,12.587,28.08,353.443,0.0
2026-06-18 16:38:37,0.004,12.587,28.08,353.443,0.0
2026-06-18 16:38:37,0.004,12.587,28.08,353.443,0.0
2026-06-18 16:38:37,0.004,12.587,28.08,353.443,0.0
2026-06-18 16:38:37,0.004,12.587,28.08,353.443,0.0
2026-06-18 16:38:37,0.004,12.587,28.08,353.443,0.0
2026-06-18 16:38:37,0.004,12.587,28.08,353.443,0.0
2026-06-18 16:38:37,0.004,12.587,28.08,353.443,0.0
2026-06-18 16:38:37,0.004,12.587,28.08,353.443,0.0
2026-06-18 16:38:37,0.004,12.587,28.08,353.443,0.0
2026-06-18 16:38:38,0.004,12.587,28.08,353.443,0.0
2026-06-18 16:38:38,0.004,12.587,28.08,353.443,0.0
2026-06-18 16:38:38,0.004,12.587,28.08,353.443,0.0
2026-06-18 16:38:38,0.004,12.587,28.08,353.443,0.0
2026-06-18 16:38:38,0.004,12.587,28.08,353.443,0.5
2026-06-18 16:38:38,0.004,12.587,28.08,353.443,0.5
2026-06-18 16:38:38,0.015,12.587,28.74,361.75,0.5
2026-06-18 16:38:38,0.015,12.587,28.74,361.75,0.5
2026-06-18 16:38:38,0.189,12.587,30.65,385.792,0.5
2026-06-18 16:38:38,0.189,12.587,30.65,385.792,0.5
2026-06-18 16:38:39,0.189,12.587,30.65,385.792,0.5
2026-06-18 16:38:39,0.405,12.587,30.32,381.638,0.5
2026-06-18 16:38:39,0.405,12.587,30.32,381.638,0.5
2026-06-18 16:38:39,0.516,12.587,29.49,371.191,0.5
2026-06-18 16:38:39,0.516,12.587,29.49,371.191,0.5
2026-06-18 16:38:39,0.516,12.587,29.49,371.191,0.5
2026-06-18 16:38:39,0.553,12.587,28.66,360.743,0.5
2026-06-18 16:38:39,0.553,12.587,28.66,360.743,0.5
2026-06-18 16:38:39,0.549,12.587,28.41,357.597,0.5
2026-06-18 16:38:39,0.549,12.587,28.41,357.597,0.5
2026-06-18 16:38:40,0.549,12.587,28.41,357.597,0.5
2026-06-18 16:38:40,0.53,12.587,28.25,355.583,0.5
2026-06-18 16:38:40,0.53,12.587,28.25,355.583,0.5
2026-06-18 16:38:40,0.509,12.587,28.25,355.583,0.5
2026-06-18 16:38:40,0.509,12.587,28.25,355.583,0.5
2026-06-18 16:38:40,0.509,12.587,28.25,355.583,0.5
2026-06-18 16:38:40,0.493,12.587,28.33,356.59,0.5
2026-06-18 16:38:40,0.493,12.587,28.33,356.59,0.5
2026-06-18 16:38:40,0.484,12.587,28.33,356.59,0.5
2026-06-18 16:38:40,0.484,12.587,28.33,356.59,0.5
2026-06-18 16:38:41,0.484,12.587,28.33,356.59,0.5
2026-06-18 16:38:41,0.481,12.587,28.41,357.597,0.5
2026-06-18 16:38:41,0.481,12.587,28.41,357.597,0.5
2026-06-18 16:38:41,0.481,12.587,28.41,357.597,0.5
2026-06-18 16:38:41,0.481,12.587,28.41,357.597,0.5
2026-06-18 16:38:41,0.481,12.587,28.41,357.597,0.5
2026-06-18 16:38:41,0.482,12.587,28.49,358.604,0.5
2026-06-18 16:38:41,0.482,12.587,28.49,358.604,0.5
2026-06-18 16:38:41,0.485,12.587,28.49,358.604,0.5
2026-06-18 16:38:41,0.485,12.587,28.49,358.604,0.5
2026-06-18 16:38:42,0.485,12.587,28.49,358.604,0.5
2026-06-18 16:38:42,0.486,12.587,28.41,357.597,0.5
2026-06-18 16:38:42,0.486,12.587,28.41,357.597,0.5
2026-06-18 16:38:42,0.487,12.587,28.41,357.597,0.5
2026-06-18 16:38:42,0.487,12.587,28.41,357.597,0.5
2026-06-18 16:38:42,0.487,12.587,28.41,357.597,0.5
2026-06-18 16:38:42,0.487,12.587,28.41,357.597,0.5
2026-06-18 16:38:42,0.487,12.587,28.41,357.597,0.5
2026-06-18 16:38:42,0.487,12.587,28.41,357.597,0.5
2026-06-18 16:38:42,0.487,12.587,28.41,357.597,0.5
2026-06-18 16:38:44,0.487,12.587,28.41,357.597,0.5
2026-06-18 16:38:44,0.487,12.587,28.41,357.597,0.5
2026-06-18 16:38:45,0.487,12.587,28.41,357.597,0.5
2026-06-18 16:38:45,0.486,12.587,28.41,357.597,0.5
2026-06-18 16:38:45,0.486,12.587,28.41,357.597,0.5
2026-06-18 16:38:45,0.486,12.587,28.41,357.597,0.5
2026-06-18 16:38:45,0.485,12.587,28.41,357.597,0.5
2026-06-18 16:38:45,0.485,12.587,28.41,357.597,0.5
2026-06-18 16:38:45,0.485,12.587,28.41,357.597,0.5
2026-06-18 16:38:45,0.485,12.587,28.41,357.597,0.5
2026-06-18 16:38:45,0.485,12.587,28.41,357.597,0.5
2026-06-18 16:38:45,0.485,12.587,28.41,357.597,0.5
2026-06-18 16:38:46,0.485,12.587,28.41,357.597,0.5
2026-06-18 16:38:46,0.485,12.587,28.41,357.597,0.5
2026-06-18 16:38:46,0.485,12.587,28.41,357.597,0.5
2026-06-18 16:38:46,0.486,12.587,28.41,357.597,0.5
2026-06-18 16:38:46,0.486,12.587,28.41,357.597,0.5
2026-06-18 16:38:46,0.486,12.587,28.41,357.597,0.5
2026-06-18 16:38:46,0.486,12.587,28.41,357.597,0.5
2026-06-18 16:38:46,0.486,12.587,28.41,357.597,0.5
2026-06-18 16:38:46,0.487,12.587,28.41,357.597,0.5
2026-06-18 16:38:46,0.487,12.587,28.41,357.597,0.5
2026-06-18 16:38:47,0.487,12.587,28.41,357.597,0.5
2026-06-18 16:38:47,0.488,12.587,28.41,357.597,0.5
2026-06-18 16:38:47,0.488,12.587,28.41,357.597,0.5
2026-06-18 16:38:47,0.488,12.587,28.41,357.597,0.5
2026-06-18 16:38:47,0.488,12.587,28.41,357.597,0.5
2026-06-18 16:38:47,0.488,12.587,28.41,357.597,0.5
2026-06-18 16:38:47,0.488,12.587,28.41,357.597,0.5
2026-06-18 16:38:47,0.488,12.587,28.41,357.597,0.5
2026-06-18 16:38:47,0.488,12.587,28.41,357.597,0.5
2026-06-18 16:38:47,0.488,12.587,28.41,357.597,0.5
2026-06-18 16:38:48,0.488,12.587,28.41,357.597,0.5
2026-06-18 16:38:48,0.488,12.587,28.41,357.597,0.5
2026-06-18 16:38:48,0.488,12.587,28.41,357.597,0.5
2026-06-18 16:38:48,0.489,12.587,28.41,357.597,0.5
2026-06-18 16:38:48,0.489,12.587,28.41,357.597,1.0
2026-06-18 16:38:48,0.489,12.587,28.41,357.597,1.0
2026-06-18 16:38:48,0.504,12.587,28.66,360.743,1.0
2026-06-18 16:38:48,0.504,12.587,28.66,360.743,1.0
2026-06-18 16:38:48,0.683,12.587,31.24,393.218,1.0
2026-06-18 16:38:48,0.683,12.587,31.24,393.218,1.0
2026-06-18 16:38:49,0.683,12.587,31.24,393.218,1.0
2026-06-18 16:38:49,0.895,12.587,30.9,388.938,1.0
2026-06-18 16:38:49,0.895,12.587,30.9,388.938,1.0
2026-06-18 16:38:49,1.002,12.587,29.66,373.33,1.0
2026-06-18 16:38:49,1.002,12.587,29.66,373.33,1.0
2026-06-18 16:38:49,1.002,12.587,29.66,373.33,1.0
2026-06-18 16:38:49,1.039,12.587,29.16,367.037,1.0
2026-06-18 16:38:49,1.039,12.587,29.16,367.037,1.0
2026-06-18 16:38:49,1.037,12.587,28.74,361.75,1.0
2026-06-18 16:38:49,1.037,12.587,28.74,361.75,1.0
2026-06-18 16:38:50,1.037,12.587,28.74,361.75,1.0
2026-06-18 16:38:50,1.019,12.587,28.66,360.743,1.0
2026-06-18 16:38:50,1.019,12.587,28.66,360.743,1.0
2026-06-18 16:38:50,0.999,12.587,28.66,360.743,1.0
2026-06-18 16:38:50,0.999,12.587,28.66,360.743,1.0
2026-06-18 16:38:50,0.999,12.587,28.66,360.743,1.0
2026-06-18 16:38:50,0.983,12.587,28.66,360.743,1.0
2026-06-18 16:38:50,0.983,12.587,28.66,360.743,1.0
2026-06-18 16:38:50,0.974,12.587,28.74,361.75,1.0
2026-06-18 16:38:50,0.974,12.587,28.74,361.75,1.0
2026-06-18 16:38:51,0.974,12.587,28.74,361.75,1.0
2026-06-18 16:38:51,0.969,12.587,28.83,362.883,1.0
2026-06-18 16:38:51,0.969,12.587,28.83,362.883,1.0
2026-06-18 16:38:51,0.968,12.587,28.83,362.883,1.0
2026-06-18 16:38:51,0.968,12.587,28.83,362.883,1.0
2026-06-18 16:38:51,0.968,12.587,28.83,362.883,1.0
2026-06-18 16:38:51,0.97,12.587,28.83,362.883,1.0
2026-06-18 16:38:51,0.97,12.587,28.83,362.883,1.0
2026-06-18 16:38:51,0.973,12.587,28.83,362.883,1.0
2026-06-18 16:38:51,0.973,12.587,28.83,362.883,1.0
2026-06-18 16:38:52,0.973,12.587,28.83,362.883,1.0
2026-06-18 16:38:52,0.975,12.587,28.83,362.883,1.0
2026-06-18 16:38:52,0.975,12.587,28.83,362.883,1.0
2026-06-18 16:38:52,0.976,12.587,28.83,362.883,1.0
2026-06-18 16:38:52,0.976,12.587,28.83,362.883,1.0
2026-06-18 16:38:52,0.976,12.587,28.83,362.883,1.0
2026-06-18 16:38:52,0.978,12.587,28.83,362.883,1.0
2026-06-18 16:38:52,0.978,12.587,28.83,362.883,1.0
2026-06-18 16:38:52,0.978,12.587,28.83,362.883,1.0
2026-06-18 16:38:52,0.978,12.587,28.83,362.883,1.0
2026-06-18 16:38:53,0.978,12.587,28.83,362.883,1.0
2026-06-18 16:38:53,0.979,12.587,28.83,362.883,1.0
2026-06-18 16:38:53,0.979,12.587,28.83,362.883,1.0
2026-06-18 16:38:53,0.979,12.587,28.83,362.883,1.0
2026-06-18 16:38:53,0.979,12.587,28.83,362.883,1.0
2026-06-18 16:38:53,0.979,12.587,28.83,362.883,1.0
2026-06-18 16:38:53,0.979,12.587,28.83,362.883,1.0
2026-06-18 16:38:53,0.979,12.587,28.83,362.883,1.0
2026-06-18 16:38:53,0.978,12.587,28.83,362.883,1.0
2026-06-18 16:38:53,0.978,12.587,28.83,362.883,1.0
2026-06-18 16:38:54,0.978,12.587,28.83,362.883,1.0
2026-06-18 16:38:54,0.979,12.587,28.83,362.883,1.0
2026-06-18 16:38:54,0.979,12.587,28.83,362.883,1.0
2026-06-18 16:38:54,0.979,12.587,28.83,362.883,1.0
2026-06-18 16:38:54,0.979,12.587,28.83,362.883,1.0
2026-06-18 16:38:54,0.979,12.587,28.83,362.883,1.0
2026-06-18 16:38:54,0.979,12.587,28.83,362.883,1.0
2026-06-18 16:38:54,0.979,12.587,28.83,362.883,1.0
2026-06-18 16:38:54,0.978,12.587,28.83,362.883,1.0
2026-06-18 16:38:54,0.978,12.587,28.83,362.883,1.0
2026-06-18 16:38:55,0.978,12.587,28.83,362.883,1.0
2026-06-18 16:38:55,0.977,12.587,28.83,362.883,1.0
2026-06-18 16:38:55,0.977,12.587,28.83,362.883,1.0
2026-06-18 16:38:55,0.977,12.587,28.83,362.883,1.0
2026-06-18 16:38:55,0.977,12.587,28.83,362.883,1.0
2026-06-18 16:38:55,0.977,12.587,28.83,362.883,1.0
2026-06-18 16:38:55,0.976,12.587,28.83,362.883,1.0
2026-06-18 16:38:55,0.976,12.587,28.83,362.883,1.0
2026-06-18 16:38:55,0.976,12.587,28.83,362.883,1.0
2026-06-18 16:38:56,0.976,12.587,28.83,362.883,1.0
2026-06-18 16:38:56,0.976,12.587,28.83,362.883,1.0
2026-06-18 16:38:56,0.976,12.587,28.83,362.883,1.0
2026-06-18 16:38:56,0.976,12.587,28.83,362.883,1.0
2026-06-18 16:38:56,0.977,12.587,28.83,362.883,1.0
2026-06-18 16:38:56,0.977,12.587,28.83,362.883,1.0
2026-06-18 16:38:56,0.977,12.587,28.83,362.883,1.0
2026-06-18 16:38:56,0.977,12.587,28.83,362.883,1.0
2026-06-18 16:38:56,0.977,12.587,28.83,362.883,1.0
2026-06-18 16:38:56,0.977,12.587,28.83,362.883,1.0
2026-06-18 16:38:57,0.977,12.587,28.83,362.883,1.0
2026-06-18 16:38:57,0.979,12.587,28.83,362.883,1.0
2026-06-18 16:38:57,0.979,12.587,28.83,362.883,1.0
2026-06-18 16:38:57,0.979,12.587,28.83,362.883,1.0
2026-06-18 16:38:57,0.98,12.587,28.83,362.883,1.0
2026-06-18 16:38:57,0.98,12.587,28.83,362.883,1.0
2026-06-18 16:38:57,0.982,12.587,28.83,362.883,1.0
2026-06-18 16:38:57,0.982,12.587,28.83,362.883,1.0
2026-06-18 16:38:57,0.982,12.587,28.83,362.883,1.0
2026-06-18 16:38:57,0.983,12.587,28.83,362.883,1.0
2026-06-18 16:38:58,0.983,12.587,28.83,362.883,1.0
2026-06-18 16:38:58,0.984,12.587,28.83,362.883,1.0
2026-06-18 16:38:58,0.984,12.587,28.83,362.883,1.0
2026-06-18 16:38:58,0.984,12.587,28.83,362.883,1.0
2026-06-18 16:38:58,0.985,12.587,28.83,362.883,1.0
2026-06-18 16:38:58,0.985,12.587,28.83,362.883,1.5
2026-06-18 16:38:58,0.99,12.587,28.83,362.883,1.5
2026-06-18 16:38:58,0.99,12.587,28.83,362.883,1.5
2026-06-18 16:38:58,0.99,12.587,28.83,362.883,1.5
2026-06-18 16:38:58,1.138,12.587,31.49,396.365,1.5
2026-06-18 16:38:59,1.138,12.587,31.49,396.365,1.5
2026-06-18 16:38:59,1.359,12.587,31.57,397.372,1.5
2026-06-18 16:38:59,1.359,12.587,31.57,397.372,1.5
2026-06-18 16:38:59,1.359,12.587,31.57,397.372,1.5
2026-06-18 16:38:59,1.485,12.587,30.24,380.631,1.5
2026-06-18 16:38:59,1.485,12.587,30.24,380.631,1.5
2026-06-18 16:38:59,1.531,12.587,29.74,374.337,1.5
2026-06-18 16:38:59,1.531,12.587,29.74,374.337,1.5
2026-06-18 16:38:59,1.531,12.587,29.74,374.337,1.5
2026-06-18 16:38:59,1.533,12.587,29.24,368.044,1.5
2026-06-18 16:39:00,1.533,12.587,29.24,368.044,1.5
2026-06-18 16:39:00,1.515,12.587,29.08,366.03,1.5
2026-06-18 16:39:00,1.515,12.587,29.08,366.03,1.5
2026-06-18 16:39:00,1.515,12.587,29.08,366.03,1.5
2026-06-18 16:39:00,1.494,12.587,29.08,366.03,1.5
2026-06-18 16:39:00,1.494,12.587,29.08,366.03,1.5
2026-06-18 16:39:00,1.478,12.587,29.08,366.03,1.5
2026-06-18 16:39:00,1.478,12.587,29.08,366.03,1.5
2026-06-18 16:39:00,1.478,12.587,29.08,366.03,1.5
2026-06-18 16:39:00,1.468,12.587,29.16,367.037,1.5
2026-06-18 16:39:01,1.468,12.587,29.16,367.037,1.5
2026-06-18 16:39:01,1.463,12.587,29.24,368.044,1.5
2026-06-18 16:39:01,1.463,12.587,29.24,368.044,1.5
2026-06-18 16:39:01,1.463,12.587,29.24,368.044,1.5
2026-06-18 16:39:01,1.462,12.587,29.24,368.044,1.5
2026-06-18 16:39:01,1.462,12.587,29.24,368.044,1.5
2026-06-18 16:39:01,1.461,12.587,29.24,368.044,1.5
2026-06-18 16:39:01,1.461,12.587,29.24,368.044,1.5
2026-06-18 16:39:01,1.461,12.587,29.24,368.044,1.5
2026-06-18 16:39:01,1.463,12.587,29.33,369.177,1.5
2026-06-18 16:39:02,1.463,12.587,29.33,369.177,1.5
2026-06-18 16:39:02,1.464,12.587,29.24,368.044,1.5
2026-06-18 16:39:02,1.464,12.587,29.24,368.044,1.5
2026-06-18 16:39:02,1.464,12.587,29.24,368.044,1.5
2026-06-18 16:39:02,1.466,12.587,29.24,368.044,1.5
2026-06-18 16:39:02,1.466,12.587,29.24,368.044,1.5
2026-06-18 16:39:02,1.468,12.587,29.24,368.044,1.5
2026-06-18 16:39:02,1.468,12.587,29.24,368.044,1.5
2026-06-18 16:39:02,1.468,12.587,29.24,368.044,1.5
2026-06-18 16:39:02,1.468,12.587,29.24,368.044,1.5
2026-06-18 16:39:03,1.468,12.587,29.24,368.044,1.5
2026-06-18 16:39:03,1.469,12.587,29.33,369.177,1.5
2026-06-18 16:39:03,1.469,12.587,29.33,369.177,1.5
2026-06-18 16:39:03,1.469,12.587,29.33,369.177,1.5
2026-06-18 16:39:03,1.471,12.587,29.33,369.177,1.5
2026-06-18 16:39:03,1.471,12.587,29.33,369.177,1.5
2026-06-18 16:39:03,1.473,12.587,29.33,369.177,1.5
2026-06-18 16:39:03,1.473,12.587,29.33,369.177,1.5
2026-06-18 16:39:03,1.473,12.587,29.33,369.177,1.5
2026-06-18 16:39:03,1.474,12.587,29.33,369.177,1.5
2026-06-18 16:39:04,1.474,12.587,29.33,369.177,1.5
2026-06-18 16:39:04,1.475,12.587,29.33,369.177,1.5
2026-06-18 16:39:04,1.475,12.587,29.33,369.177,1.5
2026-06-18 16:39:04,1.475,12.587,29.33,369.177,1.5
2026-06-18 16:39:04,1.476,12.587,29.33,369.177,1.5
2026-06-18 16:39:04,1.476,12.587,29.33,369.177,1.5
2026-06-18 16:39:04,1.477,12.587,29.33,369.177,1.5
2026-06-18 16:39:04,1.477,12.587,29.33,369.177,1.5
2026-06-18 16:39:04,1.477,12.587,29.33,369.177,1.5
2026-06-18 16:39:04,1.477,12.587,29.24,368.044,1.5
2026-06-18 16:39:05,1.477,12.587,29.24,368.044,1.5
2026-06-18 16:39:05,1.545,12.587,29.99,377.484,1.5
2026-06-18 16:39:05,1.545,12.587,29.99,377.484,1.5
2026-06-18 16:39:05,1.545,12.587,29.99,377.484,1.5
2026-06-18 16:39:05,1.541,12.587,29.08,366.03,1.5
2026-06-18 16:39:05,1.541,12.587,29.08,366.03,1.5
2026-06-18 16:39:05,1.507,12.587,28.91,363.89,1.5
2026-06-18 16:39:05,1.507,12.587,28.91,363.89,1.5
2026-06-18 16:39:05,1.507,12.587,28.91,363.89,1.5
2026-06-18 16:39:05,1.473,12.587,28.91,363.89,1.5
2026-06-18 16:39:06,1.473,12.587,28.91,363.89,1.5
2026-06-18 16:39:06,1.45,12.587,29.08,366.03,1.5
2026-06-18 16:39:06,1.45,12.587,29.08,366.03,1.5
2026-06-18 16:39:06,1.45,12.587,29.08,366.03,1.5
2026-06-18 16:39:06,1.44,12.587,29.16,367.037,1.5
2026-06-18 16:39:06,1.44,12.587,29.16,367.037,1.5
2026-06-18 16:39:06,1.441,12.587,29.24,368.044,1.5
2026-06-18 16:39:06,1.441,12.587,29.24,368.044,1.5
2026-06-18 16:39:06,1.441,12.587,29.24,368.044,1.5
2026-06-18 16:39:06,1.447,12.587,29.33,369.177,1.5
2026-06-18 16:39:07,1.447,12.587,29.33,369.177,1.5
2026-06-18 16:39:07,1.453,12.587,29.33,369.177,1.5
2026-06-18 16:39:07,1.453,12.587,29.33,369.177,1.5
2026-06-18 16:39:07,1.453,12.587,29.33,369.177,1.5
2026-06-18 16:39:07,1.459,12.587,29.33,369.177,1.5
2026-06-18 16:39:07,1.459,12.587,29.33,369.177,1.5
2026-06-18 16:39:07,1.465,12.587,29.33,369.177,1.5
2026-06-18 16:39:07,1.465,12.587,29.33,369.177,1.5
2026-06-18 16:39:07,1.465,12.587,29.33,369.177,1.5
2026-06-18 16:39:07,1.471,12.587,29.33,369.177,1.5
2026-06-18 16:39:08,1.471,12.587,29.33,369.177,1.5
2026-06-18 16:39:08,1.475,12.587,29.33,369.177,1.5
2026-06-18 16:39:08,1.475,12.587,29.33,369.177,1.5
2026-06-18 16:39:08,1.478,12.587,29.33,369.177,1.5
2026-06-18 16:39:08,1.478,12.587,29.33,369.177,1.5
2026-06-18 16:39:08,1.478,12.587,29.33,369.177,2.0
2026-06-18 16:39:08,1.479,12.587,29.33,369.177,2.0
2026-06-18 16:39:08,1.479,12.587,29.33,369.177,2.0
2026-06-18 16:39:08,1.592,12.587,31.82,400.518,2.0
2026-06-18 16:39:08,1.592,12.587,31.82,400.518,2.0
2026-06-18 16:39:09,1.592,12.587,31.82,400.518,2.0
2026-06-18 16:39:09,1.821,12.587,32.23,405.679,2.0
2026-06-18 16:39:09,1.821,12.587,32.23,405.679,2.0
2026-06-18 16:39:09,1.96,12.587,30.9,388.938,2.0
2026-06-18 16:39:09,1.96,12.587,30.9,388.938,2.0
2026-06-18 16:39:09,1.96,12.587,30.9,388.938,2.0
2026-06-18 16:39:09,2.016,12.587,30.32,381.638,2.0
2026-06-18 16:39:09,2.016,12.587,30.32,381.638,2.0
2026-06-18 16:39:09,2.024,12.587,29.82,375.344,2.0
2026-06-18 16:39:09,2.024,12.587,29.82,375.344,2.0
2026-06-18 16:39:10,2.024,12.587,29.82,375.344,2.0
2026-06-18 16:39:10,2.011,12.587,29.66,373.33,2.0
2026-06-18 16:39:10,2.011,12.587,29.66,373.33,2.0
2026-06-18 16:39:10,1.993,12.587,29.66,373.33,2.0
2026-06-18 16:39:10,1.993,12.587,29.66,373.33,2.0
2026-06-18 16:39:10,1.993,12.587,29.66,373.33,2.0
2026-06-18 16:39:10,1.978,12.587,29.66,373.33,2.0
2026-06-18 16:39:10,1.978,12.587,29.66,373.33,2.0
2026-06-18 16:39:10,1.969,12.587,29.66,373.33,2.0
2026-06-18 16:39:10,1.969,12.587,29.66,373.33,2.0
2026-06-18 16:39:11,1.969,12.587,29.66,373.33,2.0
2026-06-18 16:39:11,1.964,12.587,29.74,374.337,2.0
2026-06-18 16:39:11,1.964,12.587,29.74,374.337,2.0
2026-06-18 16:39:11,1.96,12.587,29.74,374.337,2.0
2026-06-18 16:39:11,1.96,12.587,29.74,374.337,2.0
2026-06-18 16:39:11,1.96,12.587,29.74,374.337,2.0
2026-06-18 16:39:11,1.959,12.587,29.74,374.337,2.0
2026-06-18 16:39:11,1.959,12.587,29.74,374.337,2.0
2026-06-18 16:39:11,1.959,12.587,29.74,374.337,2.0
2026-06-18 16:39:11,1.959,12.587,29.74,374.337,2.0
2026-06-18 16:39:12,1.959,12.587,29.74,374.337,2.0
2026-06-18 16:39:12,1.958,12.587,29.74,374.337,2.0
2026-06-18 16:39:12,1.958,12.587,29.74,374.337,2.0
2026-06-18 16:39:12,1.958,12.587,29.82,375.344,2.0
2026-06-18 16:39:12,1.958,12.587,29.82,375.344,2.0
2026-06-18 16:39:12,1.958,12.587,29.82,375.344,2.0
2026-06-18 16:39:12,1.96,12.587,29.74,374.337,2.0
2026-06-18 16:39:12,1.96,12.587,29.74,374.337,2.0
2026-06-18 16:39:12,1.963,12.587,29.82,375.344,2.0
2026-06-18 16:39:12,1.963,12.587,29.82,375.344,2.0
2026-06-18 16:39:13,1.963,12.587,29.82,375.344,2.0
2026-06-18 16:39:13,1.964,12.587,29.74,374.337,2.0
2026-06-18 16:39:13,1.964,12.587,29.74,374.337,2.0
2026-06-18 16:39:13,1.965,12.587,29.74,374.337,2.0
2026-06-18 16:39:13,1.965,12.587,29.74,374.337,2.0
2026-06-18 16:39:13,1.965,12.587,29.74,374.337,2.0
2026-06-18 16:39:13,1.966,12.587,29.82,375.344,2.0
2026-06-18 16:39:13,1.966,12.587,29.82,375.344,2.0
2026-06-18 16:39:13,1.967,12.587,29.82,375.344,2.0
2026-06-18 16:39:13,1.967,12.587,29.82,375.344,2.0
2026-06-18 16:39:14,1.967,12.587,29.82,375.344,2.0
2026-06-18 16:39:14,1.967,12.587,29.74,374.337,2.0
2026-06-18 16:39:14,1.967,12.587,29.74,374.337,2.0
2026-06-18 16:39:14,1.967,12.587,29.74,374.337,2.0
2026-06-18 16:39:14,1.967,12.587,29.74,374.337,2.0
2026-06-18 16:39:14,1.967,12.587,29.74,374.337,2.0
2026-06-18 16:39:14,1.967,12.587,29.74,374.337,2.0
2026-06-18 16:39:14,1.967,12.587,29.74,374.337,2.0
2026-06-18 16:39:14,1.967,12.587,29.82,375.344,2.0
2026-06-18 16:39:14,1.967,12.587,29.82,375.344,2.0
2026-06-18 16:39:15,1.967,12.587,29.82,375.344,2.0
2026-06-18 16:39:15,1.968,12.587,29.74,374.337,2.0
2026-06-18 16:39:15,1.968,12.587,29.74,374.337,2.0
2026-06-18 16:39:15,1.967,12.587,29.74,374.337,2.0
2026-06-18 16:39:15,1.967,12.587,29.74,374.337,2.0
2026-06-18 16:39:15,1.967,12.587,29.74,374.337,2.0
2026-06-18 16:39:15,1.966,12.587,29.74,374.337,2.0
2026-06-18 16:39:15,1.966,12.587,29.74,374.337,2.0
2026-06-18 16:39:15,1.965,12.587,29.74,374.337,2.0
2026-06-18 16:39:15,1.965,12.587,29.74,374.337,2.0
2026-06-18 16:39:16,1.965,12.587,29.74,374.337,2.0
2026-06-18 16:39:16,1.964,12.587,29.74,374.337,2.0
2026-06-18 16:39:16,1.964,12.587,29.74,374.337,2.0
2026-06-18 16:39:16,1.962,12.587,29.74,374.337,2.0
2026-06-18 16:39:16,1.962,12.587,29.74,374.337,2.0
2026-06-18 16:39:16,1.962,12.587,29.74,374.337,2.0
2026-06-18 16:39:16,1.961,12.587,29.74,374.337,2.0
2026-06-18 16:39:16,1.961,12.587,29.74,374.337,2.0
2026-06-18 16:39:16,1.961,12.587,29.74,374.337,2.0
2026-06-18 16:39:17,1.961,12.587,29.74,374.337,2.0
2026-06-18 16:39:18,1.961,12.587,29.74,374.337,2.5
2026-06-18 16:39:18,1.962,12.587,29.74,374.337,2.5
2026-06-18 16:39:18,1.962,12.587,29.74,374.337,2.5
2026-06-18 16:39:19,2.039,12.587,31.9,401.525,2.5
2026-06-18 16:39:19,2.039,12.587,31.9,401.525,2.5
2026-06-18 16:39:19,2.039,12.587,31.9,401.525,2.5
2026-06-18 16:39:19,2.266,12.587,32.9,414.112,2.5
2026-06-18 16:39:19,2.266,12.587,32.9,414.112,2.5
2026-06-18 16:39:19,2.426,12.587,31.65,398.379,2.5
2026-06-18 16:39:19,2.426,12.587,31.65,398.379,2.5
2026-06-18 16:39:19,2.426,12.587,31.65,398.379,2.5
2026-06-18 16:39:19,2.498,12.587,30.99,390.071,2.5
2026-06-18 16:39:19,2.498,12.587,30.99,390.071,2.5
2026-06-18 16:39:20,2.516,12.587,30.41,382.771,2.5
2026-06-18 16:39:20,2.516,12.587,30.41,382.771,2.5
2026-06-18 16:39:20,2.516,12.587,30.41,382.771,2.5
2026-06-18 16:39:20,2.51,12.587,30.24,380.631,2.5
2026-06-18 16:39:20,2.51,12.587,30.24,380.631,2.5
2026-06-18 16:39:20,2.494,12.587,30.16,379.624,2.5
2026-06-18 16:39:20,2.494,12.587,30.16,379.624,2.5
2026-06-18 16:39:20,2.494,12.587,30.16,379.624,2.5
2026-06-18 16:39:20,2.479,12.587,30.16,379.624,2.5
2026-06-18 16:39:20,2.479,12.587,30.16,379.624,2.5
2026-06-18 16:39:21,2.467,12.587,30.16,379.624,2.5
2026-06-18 16:39:21,2.467,12.587,30.16,379.624,2.5
2026-06-18 16:39:21,2.467,12.587,30.16,379.624,2.5
2026-06-18 16:39:21,2.46,12.587,30.24,380.631,2.5
2026-06-18 16:39:21,2.46,12.587,30.24,380.631,2.5
2026-06-18 16:39:21,2.456,12.587,30.32,381.638,2.5
2026-06-18 16:39:21,2.456,12.587,30.32,381.638,2.5
2026-06-18 16:39:21,2.456,12.587,30.32,381.638,2.5
2026-06-18 16:39:21,2.454,12.587,30.32,381.638,2.5
2026-06-18 16:39:21,2.454,12.587,30.32,381.638,2.5
2026-06-18 16:39:22,2.454,12.587,30.32,381.638,2.5
2026-06-18 16:39:22,2.454,12.587,30.32,381.638,2.5
2026-06-18 16:39:22,2.453,12.587,30.24,380.631,2.5
2026-06-18 16:39:22,2.453,12.587,30.24,380.631,2.5
2026-06-18 16:39:22,2.453,12.587,30.24,380.631,2.5
2026-06-18 16:39:22,2.452,12.587,30.32,381.638,2.5
2026-06-18 16:39:22,2.452,12.587,30.32,381.638,2.5
2026-06-18 16:39:22,2.45,12.587,30.32,381.638,2.5
2026-06-18 16:39:22,2.45,12.587,30.32,381.638,2.5
2026-06-18 16:39:22,2.45,12.587,30.32,381.638,2.5
2026-06-18 16:39:23,2.449,12.587,30.32,381.638,2.5
2026-06-18 16:39:23,2.449,12.587,30.32,381.638,2.5
2026-06-18 16:39:23,2.448,12.587,30.24,380.631,2.5
2026-06-18 16:39:23,2.448,12.587,30.24,380.631,2.5
2026-06-18 16:39:23,2.448,12.587,30.24,380.631,2.5
2026-06-18 16:39:23,2.447,12.587,30.32,381.638,2.5
2026-06-18 16:39:23,2.447,12.587,30.32,381.638,2.5
2026-06-18 16:39:23,2.448,12.587,30.24,380.631,2.5
2026-06-18 16:39:23,2.448,12.587,30.24,380.631,2.5
2026-06-18 16:39:24,2.448,12.587,30.24,380.631,2.5
2026-06-18 16:39:24,2.447,12.587,30.24,380.631,2.5
2026-06-18 16:39:24,2.447,12.587,30.24,380.631,2.5
2026-06-18 16:39:24,2.448,12.587,30.32,381.638,2.5
2026-06-18 16:39:24,2.448,12.587,30.32,381.638,2.5
2026-06-18 16:39:24,2.448,12.587,30.32,381.638,2.5
2026-06-18 16:39:24,2.448,12.587,30.24,380.631,2.5
2026-06-18 16:39:24,2.448,12.587,30.24,380.631,2.5
2026-06-18 16:39:24,2.449,12.587,30.32,381.638,2.5
2026-06-18 16:39:24,2.449,12.587,30.32,381.638,2.5
2026-06-18 16:39:25,2.449,12.587,30.32,381.638,2.5
2026-06-18 16:39:25,2.45,12.587,30.32,381.638,2.5
2026-06-18 16:39:25,2.45,12.587,30.32,381.638,2.5
2026-06-18 16:39:25,2.45,12.587,30.32,381.638,2.5
2026-06-18 16:39:25,2.45,12.587,30.32,381.638,2.5
2026-06-18 16:39:25,2.45,12.587,30.32,381.638,2.5
2026-06-18 16:39:25,2.452,12.587,30.32,381.638,2.5
2026-06-18 16:39:25,2.452,12.587,30.32,381.638,2.5
2026-06-18 16:39:25,2.454,12.587,30.32,381.638,2.5
2026-06-18 16:39:25,2.454,12.587,30.32,381.638,2.5
2026-06-18 16:39:26,2.454,12.587,30.32,381.638,2.5
2026-06-18 16:39:26,2.458,12.587,30.32,381.638,2.5
2026-06-18 16:39:26,2.458,12.587,30.32,381.638,2.5
2026-06-18 16:39:26,2.46,12.587,30.32,381.638,2.5
2026-06-18 16:39:26,2.46,12.587,30.32,381.638,2.5
2026-06-18 16:39:26,2.46,12.587,30.32,381.638,2.5
2026-06-18 16:39:26,2.463,12.587,30.32,381.638,2.5
2026-06-18 16:39:26,2.463,12.587,30.32,381.638,2.5
2026-06-18 16:39:26,2.464,12.587,30.32,381.638,2.5
2026-06-18 16:39:26,2.464,12.587,30.32,381.638,2.5
2026-06-18 16:39:27,2.464,12.587,30.32,381.638,2.5
2026-06-18 16:39:27,2.465,12.587,30.32,381.638,2.5
2026-06-18 16:39:27,2.465,12.587,30.32,381.638,2.5
2026-06-18 16:39:27,2.466,12.587,30.32,381.638,2.5
2026-06-18 16:39:27,2.466,12.587,30.32,381.638,2.5
2026-06-18 16:39:27,2.466,12.587,30.32,381.638,2.5
2026-06-18 16:39:27,2.465,12.587,30.32,381.638,2.5
2026-06-18 16:39:27,2.465,12.587,30.32,381.638,2.5
2026-06-18 16:39:27,2.463,12.587,30.32,381.638,2.5
2026-06-18 16:39:27,2.463,12.587,30.32,381.638,2.5
2026-06-18 16:39:28,2.463,12.587,30.32,381.638,2.5
2026-06-18 16:39:28,2.462,12.587,30.24,380.631,2.5
2026-06-18 16:39:28,2.462,12.587,30.24,380.631,2.5
2026-06-18 16:39:28,2.46,12.587,30.32,381.638,2.5
2026-06-18 16:39:28,2.46,12.587,30.32,381.638,2.5
2026-06-18 16:39:28,2.46,12.587,30.32,381.638,2.5
2026-06-18 16:39:28,2.458,12.587,30.32,381.638,2.5
2026-06-18 16:39:28,2.458,12.587,30.32,381.638,2.5
2026-06-18 16:39:28,2.457,12.587,30.32,381.638,3.0
2026-06-18 16:39:28,2.457,12.587,30.32,381.638,3.0
2026-06-18 16:39:29,2.457,12.587,30.32,381.638,3.0
2026-06-18 16:39:29,2.555,12.587,33.65,423.553,3.0
2026-06-18 16:39:29,2.555,12.587,33.65,423.553,3.0
2026-06-18 16:39:29,2.812,12.587,33.31,419.273,3.0
2026-06-18 16:39:29,2.812,12.587,33.31,419.273,3.0
2026-06-18 16:39:29,2.812,12.587,33.31,419.273,3.0
2026-06-18 16:39:29,2.945,12.587,31.98,402.532,3.0
2026-06-18 16:39:29,2.945,12.587,31.98,402.532,3.0
2026-06-18 16:39:29,2.997,12.587,31.49,396.365,3.0
2026-06-18 16:39:29,2.997,12.587,31.49,396.365,3.0
2026-06-18 16:39:30,2.997,12.587,31.49,396.365,3.0
2026-06-18 16:39:30,3.009,12.587,30.99,390.071,3.0
2026-06-18 16:39:30,3.009,12.587,30.99,390.071,3.0
2026-06-18 16:39:30,3.0,12.587,30.82,387.931,3.0
2026-06-18 16:39:30,3.0,12.587,30.82,387.931,3.0
2026-06-18 16:39:30,3.0,12.587,30.82,387.931,3.0
2026-06-18 16:39:30,2.984,12.587,30.82,387.931,3.0
2026-06-18 16:39:30,2.984,12.587,30.82,387.931,3.0
2026-06-18 16:39:30,2.97,12.587,30.82,387.931,3.0
2026-06-18 16:39:30,2.97,12.587,30.82,387.931,3.0
2026-06-18 16:39:31,2.97,12.587,30.82,387.931,3.0
2026-06-18 16:39:31,2.961,12.587,30.82,387.931,3.0
2026-06-18 16:39:31,2.961,12.587,30.82,387.931,3.0
2026-06-18 16:39:31,2.955,12.587,30.82,387.931,3.0
2026-06-18 16:39:31,2.955,12.587,30.82,387.931,3.0
2026-06-18 16:39:31,2.955,12.587,30.82,387.931,3.0
2026-06-18 16:39:31,2.953,12.587,30.9,388.938,3.0
2026-06-18 16:39:31,2.953,12.587,30.9,388.938,3.0
2026-06-18 16:39:31,2.951,12.587,30.9,388.938,3.0
2026-06-18 16:39:31,2.951,12.587,30.9,388.938,3.0
2026-06-18 16:39:32,2.951,12.587,30.9,388.938,3.0
2026-06-18 16:39:32,2.952,12.587,30.9,388.938,3.0
2026-06-18 16:39:32,2.952,12.587,30.9,388.938,3.0
2026-06-18 16:39:32,2.952,12.587,30.9,388.938,3.0
2026-06-18 16:39:32,2.952,12.587,30.9,388.938,3.0
2026-06-18 16:39:32,2.952,12.587,30.9,388.938,3.0
2026-06-18 16:39:32,2.952,12.587,30.9,388.938,3.0
2026-06-18 16:39:32,2.952,12.587,30.9,388.938,3.0
2026-06-18 16:39:32,2.951,12.587,30.9,388.938,3.0
2026-06-18 16:39:32,2.951,12.587,30.9,388.938,3.0
2026-06-18 16:39:33,2.951,12.587,30.9,388.938,3.0
2026-06-18 16:39:33,2.951,12.587,30.9,388.938,3.0
2026-06-18 16:39:33,2.951,12.587,30.9,388.938,3.0
2026-06-18 16:39:33,2.952,12.587,30.9,388.938,3.0
2026-06-18 16:39:33,2.952,12.587,30.9,388.938,3.0
2026-06-18 16:39:33,2.952,12.587,30.9,388.938,3.0
2026-06-18 16:39:33,2.952,12.587,30.9,388.938,3.0
2026-06-18 16:39:33,2.952,12.587,30.9,388.938,3.0
2026-06-18 16:39:33,2.951,12.587,30.82,387.931,3.0
2026-06-18 16:39:33,2.951,12.587,30.82,387.931,3.0
2026-06-18 16:39:34,2.949,12.587,30.82,387.931,3.0
2026-06-18 16:39:34,2.949,12.587,30.82,387.931,3.0
2026-06-18 16:39:34,2.949,12.587,30.82,387.931,3.0
2026-06-18 16:39:34,2.947,12.587,30.82,387.931,3.0
2026-06-18 16:39:34,2.947,12.587,30.82,387.931,3.0
2026-06-18 16:39:34,2.944,12.587,30.82,387.931,3.0
2026-06-18 16:39:34,2.944,12.587,30.82,387.931,3.0
2026-06-18 16:39:34,2.944,12.587,30.82,387.931,3.0
2026-06-18 16:39:34,2.943,12.587,30.9,388.938,3.0
2026-06-18 16:39:34,2.943,12.587,30.9,388.938,3.0
2026-06-18 16:39:35,2.944,12.587,30.9,388.938,3.0
2026-06-18 16:39:35,2.944,12.587,30.9,388.938,3.0
2026-06-18 16:39:35,2.944,12.587,30.9,388.938,3.0
2026-06-18 16:39:35,2.948,12.587,30.99,390.071,3.0
2026-06-18 16:39:35,2.948,12.587,30.99,390.071,3.0
2026-06-18 16:39:35,2.952,12.587,30.9,388.938,3.0
2026-06-18 16:39:35,2.952,12.587,30.9,388.938,3.0
2026-06-18 16:39:35,2.952,12.587,30.9,388.938,3.0
2026-06-18 16:39:35,2.954,12.587,30.9,388.938,3.0
2026-06-18 16:39:35,2.954,12.587,30.9,388.938,3.0
2026-06-18 16:39:36,2.955,12.587,30.9,388.938,3.0
2026-06-18 16:39:36,2.955,12.587,30.9,388.938,3.0
2026-06-18 16:39:36,2.955,12.587,30.9,388.938,3.0
2026-06-18 16:39:36,2.957,12.587,30.9,388.938,3.0
2026-06-18 16:39:36,2.957,12.587,30.9,388.938,3.0
2026-06-18 16:39:36,2.957,12.587,30.9,388.938,3.0
2026-06-18 16:39:36,2.957,12.587,30.9,388.938,3.0
2026-06-18 16:39:36,2.957,12.587,30.9,388.938,3.0
2026-06-18 16:39:36,2.956,12.587,30.9,388.938,3.0
2026-06-18 16:39:36,2.956,12.587,30.9,388.938,3.0
2026-06-18 16:39:37,2.956,12.587,30.9,388.938,3.0
2026-06-18 16:39:37,2.956,12.587,30.9,388.938,3.0
2026-06-18 16:39:37,2.956,12.587,30.9,388.938,3.0
2026-06-18 16:39:37,2.956,12.587,30.9,388.938,3.0
2026-06-18 16:39:37,2.956,12.587,30.9,388.938,3.0
2026-06-18 16:39:37,2.957,12.587,30.9,388.938,3.0
2026-06-18 16:39:37,2.957,12.587,30.9,388.938,3.0
2026-06-18 16:39:37,2.957,12.587,30.9,388.938,3.0
2026-06-18 16:39:37,2.956,12.587,30.9,388.938,3.0
2026-06-18 16:39:37,2.956,12.587,30.9,388.938,3.0
2026-06-18 16:39:38,2.955,12.587,30.9,388.938,3.0
2026-06-18 16:39:38,2.955,12.587,30.9,388.938,3.0
2026-06-18 16:39:38,2.955,12.587,30.9,388.938,3.0
2026-06-18 16:39:38,2.954,12.587,30.9,388.938,3.0
2026-06-18 16:39:38,2.954,12.587,30.9,388.938,3.0
2026-06-18 16:39:38,2.954,12.587,30.82,387.931,3.0
2026-06-18 16:39:38,2.954,12.587,30.82,387.931,3.0
2026-06-18 16:39:38,2.954,12.587,30.82,387.931,3.0
2026-06-18 16:39:38,2.951,12.587,30.82,387.931,3.5
2026-06-18 16:39:38,2.951,12.587,30.82,387.931,3.5
2026-06-18 16:39:39,3.019,12.587,33.81,425.566,3.5
2026-06-18 16:39:39,3.019,12.587,33.81,425.566,3.5
2026-06-18 16:39:39,3.019,12.587,33.81,425.566,3.5
2026-06-18 16:39:39,3.282,12.587,33.98,427.706,3.5
2026-06-18 16:39:39,3.282,12.587,33.98,427.706,3.5
2026-06-18 16:39:39,3.422,12.587,32.65,410.966,3.5
2026-06-18 16:39:39,3.422,12.587,32.65,410.966,3.5
2026-06-18 16:39:39,3.422,12.587,32.65,410.966,3.5
2026-06-18 16:39:39,3.479,12.587,32.07,403.665,3.5
2026-06-18 16:39:39,3.479,12.587,32.07,403.665,3.5
2026-06-18 16:39:40,3.489,12.587,31.57,397.372,3.5
2026-06-18 16:39:40,3.489,12.587,31.57,397.372,3.5
2026-06-18 16:39:40,3.489,12.587,31.57,397.372,3.5
2026-06-18 16:39:40,3.48,12.587,31.49,396.365,3.5
2026-06-18 16:39:40,3.48,12.587,31.49,396.365,3.5
2026-06-18 16:39:40,3.467,12.587,31.4,395.232,3.5
2026-06-18 16:39:40,3.467,12.587,31.4,395.232,3.5
2026-06-18 16:39:40,3.467,12.587,31.4,395.232,3.5
2026-06-18 16:39:40,3.457,12.587,31.4,395.232,3.5
2026-06-18 16:39:40,3.457,12.587,31.4,395.232,3.5
2026-06-18 16:39:41,3.45,12.587,31.49,396.365,3.5
2026-06-18 16:39:41,3.45,12.587,31.49,396.365,3.5
2026-06-18 16:39:41,3.45,12.587,31.49,396.365,3.5
2026-06-18 16:39:41,3.447,12.587,31.57,397.372,3.5
2026-06-18 16:39:41,3.447,12.587,31.57,397.372,3.5
2026-06-18 16:39:41,3.448,12.587,31.57,397.372,3.5
2026-06-18 16:39:41,3.448,12.587,31.57,397.372,3.5
2026-06-18 16:39:41,3.448,12.587,31.57,397.372,3.5
2026-06-18 16:39:41,3.449,12.587,31.57,397.372,3.5
2026-06-18 16:39:41,3.449,12.587,31.57,397.372,3.5
2026-06-18 16:39:42,3.449,12.587,31.57,397.372,3.5
2026-06-18 16:39:42,3.449,12.587,31.57,397.372,3.5
2026-06-18 16:39:42,3.449,12.587,31.57,397.372,3.5
2026-06-18 16:39:42,3.449,12.587,31.49,396.365,3.5
2026-06-18 16:39:42,3.449,12.587,31.49,396.365,3.5
2026-06-18 16:39:42,3.45,12.587,31.57,397.372,3.5
2026-06-18 16:39:42,3.45,12.587,31.57,397.372,3.5
2026-06-18 16:39:42,3.45,12.587,31.57,397.372,3.5
2026-06-18 16:39:42,3.448,12.587,31.49,396.365,3.5
2026-06-18 16:39:42,3.448,12.587,31.49,396.365,3.5
2026-06-18 16:39:43,3.445,12.587,31.49,396.365,3.5
2026-06-18 16:39:43,3.445,12.587,31.49,396.365,3.5
2026-06-18 16:39:43,3.445,12.587,31.49,396.365,3.5
2026-06-18 16:39:43,3.442,12.587,31.49,396.365,3.5
2026-06-18 16:39:43,3.442,12.587,31.49,396.365,3.5
2026-06-18 16:39:43,3.44,12.587,31.49,396.365,3.5
2026-06-18 16:39:43,3.44,12.587,31.49,396.365,3.5
2026-06-18 16:39:43,3.44,12.587,31.49,396.365,3.5
2026-06-18 16:39:43,3.438,12.587,31.49,396.365,3.5
2026-06-18 16:39:43,3.438,12.587,31.49,396.365,3.5
2026-06-18 16:39:44,3.435,12.587,31.49,396.365,3.5
2026-06-18 16:39:44,3.435,12.587,31.49,396.365,3.5
2026-06-18 16:39:44,3.435,12.587,31.49,396.365,3.5
2026-06-18 16:39:44,3.434,12.587,31.49,396.365,3.5
2026-06-18 16:39:44,3.434,12.587,31.49,396.365,3.5
2026-06-18 16:39:44,3.434,12.587,31.49,396.365,3.5
2026-06-18 16:39:44,3.434,12.587,31.49,396.365,3.5
2026-06-18 16:39:44,3.434,12.587,31.49,396.365,3.5
2026-06-18 16:39:44,3.434,12.587,31.49,396.365,3.5
2026-06-18 16:39:44,3.434,12.587,31.49,396.365,3.5
2026-06-18 16:39:45,3.433,12.587,31.49,396.365,3.5
2026-06-18 16:39:45,3.433,12.587,31.49,396.365,3.5
2026-06-18 16:39:45,3.433,12.587,31.49,396.365,3.5
2026-06-18 16:39:45,3.433,12.587,31.49,396.365,3.5
2026-06-18 16:39:45,3.433,12.587,31.49,396.365,3.5
2026-06-18 16:39:45,3.435,12.587,31.57,397.372,3.5
2026-06-18 16:39:45,3.435,12.587,31.57,397.372,3.5
2026-06-18 16:39:45,3.438,12.587,31.57,397.372,3.5
2026-06-18 16:39:45,3.438,12.587,31.57,397.372,3.5
2026-06-18 16:39:45,3.438,12.587,31.57,397.372,3.5
2026-06-18 16:39:46,3.439,12.587,31.57,397.372,3.5
2026-06-18 16:39:46,3.439,12.587,31.57,397.372,3.5
2026-06-18 16:39:46,3.44,12.587,31.57,397.372,3.5
2026-06-18 16:39:46,3.44,12.587,31.57,397.372,3.5
2026-06-18 16:39:46,3.44,12.587,31.57,397.372,3.5
2026-06-18 16:39:46,3.441,12.587,31.57,397.372,3.5
2026-06-18 16:39:46,3.441,12.587,31.57,397.372,3.5
2026-06-18 16:39:46,3.441,12.587,31.57,397.372,3.5
2026-06-18 16:39:46,3.445,12.587,31.57,397.372,3.5
2026-06-18 16:39:47,3.445,12.587,31.57,397.372,3.5
2026-06-18 16:39:47,3.448,12.587,31.57,397.372,3.5
2026-06-18 16:39:47,3.448,12.587,31.57,397.372,3.5
2026-06-18 16:39:47,3.451,12.587,31.57,397.372,3.5
2026-06-18 16:39:47,3.451,12.587,31.57,397.372,3.5
2026-06-18 16:39:47,3.451,12.587,31.57,397.372,3.5
2026-06-18 16:39:47,3.454,12.587,31.57,397.372,3.5
2026-06-18 16:39:47,3.454,12.587,31.57,397.372,3.5
2026-06-18 16:39:47,3.455,12.587,31.57,397.372,3.5
2026-06-18 16:39:47,3.455,12.587,31.57,397.372,3.5
2026-06-18 16:39:48,3.455,12.587,31.57,397.372,3.5
2026-06-18 16:39:48,3.456,12.587,31.57,397.372,3.5
2026-06-18 16:39:48,3.456,12.587,31.57,397.372,3.5
2026-06-18 16:39:48,3.455,12.587,31.49,396.365,3.5
2026-06-18 16:39:48,3.455,12.587,31.49,396.365,3.5
2026-06-18 16:39:48,3.455,12.587,31.49,396.365,3.5
2026-06-18 16:39:48,3.453,12.587,31.49,396.365,3.5
2026-06-18 16:39:48,3.453,12.587,31.49,396.365,3.5
2026-06-18 16:39:48,3.451,12.587,31.49,396.365,3.5
2026-06-18 16:39:48,3.451,12.587,31.49,396.365,4.0
2026-06-18 16:39:49,3.451,12.587,31.49,396.365,4.0
2026-06-18 16:39:49,3.484,12.587,33.4,420.406,4.0
2026-06-18 16:39:49,3.484,12.587,33.4,420.406,4.0
2026-06-18 16:39:49,3.753,12.587,34.81,438.153,4.0
2026-06-18 16:39:49,3.753,12.587,34.81,438.153,4.0
2026-06-18 16:39:49,3.753,12.587,34.81,438.153,4.0
2026-06-18 16:39:49,3.907,12.587,33.48,421.413,4.0
2026-06-18 16:39:49,3.907,12.587,33.48,421.413,4.0
2026-06-18 16:39:49,3.973,12.587,32.82,413.105,4.0
2026-06-18 16:39:49,3.973,12.587,32.82,413.105,4.0
2026-06-18 16:39:50,3.973,12.587,32.82,413.105,4.0
2026-06-18 16:39:50,3.988,12.587,32.32,406.812,4.0
2026-06-18 16:39:50,3.988,12.587,32.32,406.812,4.0
2026-06-18 16:39:50,3.978,12.587,32.07,403.665,4.0
2026-06-18 16:39:50,3.978,12.587,32.07,403.665,4.0
2026-06-18 16:39:50,3.978,12.587,32.07,403.665,4.0
2026-06-18 16:39:50,3.961,12.587,32.07,403.665,4.0
2026-06-18 16:39:50,3.961,12.587,32.07,403.665,4.0
2026-06-18 16:39:50,3.948,12.587,32.15,404.672,4.0
2026-06-18 16:39:50,3.948,12.587,32.15,404.672,4.0
2026-06-18 16:39:52,3.948,12.587,32.15,404.672,4.0
2026-06-18 16:39:52,3.942,12.587,32.15,404.672,4.0
2026-06-18 16:39:53,3.942,12.587,32.15,404.672,4.0
2026-06-18 16:39:53,3.939,12.587,32.23,405.679,4.0
2026-06-18 16:39:53,3.939,12.587,32.23,405.679,4.0
2026-06-18 16:39:53,3.939,12.587,32.23,405.679,4.0
2026-06-18 16:39:53,3.939,12.587,32.23,405.679,4.0
2026-06-18 16:39:53,3.939,12.587,32.23,405.679,4.0
2026-06-18 16:39:53,3.941,12.587,32.32,406.812,4.0
2026-06-18 16:39:53,3.941,12.587,32.32,406.812,4.0
2026-06-18 16:39:53,3.941,12.587,32.32,406.812,4.0
2026-06-18 16:39:53,3.943,12.587,32.32,406.812,4.0
2026-06-18 16:39:54,3.943,12.587,32.32,406.812,4.0
2026-06-18 16:39:54,3.945,12.587,32.23,405.679,4.0
2026-06-18 16:39:54,3.945,12.587,32.23,405.679,4.0
2026-06-18 16:39:54,3.945,12.587,32.23,405.679,4.0
2026-06-18 16:39:54,3.947,12.587,32.23,405.679,4.0
2026-06-18 16:39:54,3.947,12.587,32.23,405.679,4.0
2026-06-18 16:39:54,3.946,12.587,32.23,405.679,4.0
2026-06-18 16:39:54,3.946,12.587,32.23,405.679,4.0
2026-06-18 16:39:54,3.946,12.587,32.23,405.679,4.0
2026-06-18 16:39:54,3.944,12.587,32.23,405.679,4.0
2026-06-18 16:39:55,3.944,12.587,32.23,405.679,4.0
2026-06-18 16:39:55,3.942,12.587,32.15,404.672,4.0
2026-06-18 16:39:55,3.942,12.587,32.15,404.672,4.0
2026-06-18 16:39:55,3.942,12.587,32.15,404.672,4.0
2026-06-18 16:39:55,3.94,12.587,32.23,405.679,4.0
2026-06-18 16:39:55,3.94,12.587,32.23,405.679,4.0
2026-06-18 16:39:55,3.939,12.587,32.23,405.679,4.0
2026-06-18 16:39:55,3.939,12.587,32.23,405.679,4.0
2026-06-18 16:39:55,3.939,12.587,32.23,405.679,4.0
2026-06-18 16:39:55,3.939,12.587,32.23,405.679,4.0
2026-06-18 16:39:56,3.939,12.587,32.23,405.679,4.0
2026-06-18 16:39:56,3.939,12.587,32.23,405.679,4.0
2026-06-18 16:39:56,3.939,12.587,32.23,405.679,4.0
2026-06-18 16:39:56,3.939,12.587,32.23,405.679,4.0
2026-06-18 16:39:56,3.938,12.587,32.15,404.672,4.0
2026-06-18 16:39:56,3.938,12.587,32.15,404.672,4.0
2026-06-18 16:39:56,3.935,12.587,32.15,404.672,4.0
2026-06-18 16:39:56,3.935,12.587,32.15,404.672,4.0
2026-06-18 16:39:56,3.935,12.587,32.15,404.672,4.0
2026-06-18 16:39:56,3.933,12.587,32.15,404.672,4.0
2026-06-18 16:39:57,3.933,12.587,32.15,404.672,4.0
2026-06-18 16:39:57,3.93,12.587,32.15,404.672,4.0
2026-06-18 16:39:57,3.93,12.587,32.15,404.672,4.0
2026-06-18 16:39:57,3.927,12.587,32.15,404.672,4.0
2026-06-18 16:39:57,3.927,12.587,32.15,404.672,4.0
2026-06-18 16:39:57,3.927,12.587,32.15,404.672,4.0
2026-06-18 16:39:57,3.928,12.587,32.23,405.679,4.0
2026-06-18 16:39:57,3.928,12.587,32.23,405.679,4.0
2026-06-18 16:39:57,3.932,12.587,32.23,405.679,4.0
2026-06-18 16:39:57,3.932,12.587,32.23,405.679,4.0
2026-06-18 16:39:58,3.932,12.587,32.23,405.679,4.0
2026-06-18 16:39:58,3.936,12.587,32.23,405.679,4.0
2026-06-18 16:39:58,3.936,12.587,32.23,405.679,4.0
2026-06-18 16:39:58,3.94,12.587,32.23,405.679,4.0
2026-06-18 16:39:58,3.94,12.587,32.23,405.679,4.0
2026-06-18 16:39:58,3.94,12.587,32.23,405.679,4.0
2026-06-18 16:39:58,3.941,12.587,32.23,405.679,4.0
2026-06-18 16:39:58,3.941,12.587,32.23,405.679,4.0
2026-06-18 16:39:58,3.944,12.587,32.23,405.679,4.0
2026-06-18 16:39:59,3.944,12.587,32.23,405.679,4.5
2026-06-18 16:39:59,3.944,12.587,32.23,405.679,4.5
2026-06-18 16:39:59,3.988,12.587,32.98,415.119,4.5
2026-06-18 16:39:59,3.988,12.587,32.98,415.119,4.5
2026-06-18 16:39:59,4.259,12.587,35.31,444.447,4.5
2026-06-18 16:39:59,4.259,12.587,35.31,444.447,4.5
2026-06-18 16:39:59,4.259,12.587,35.31,444.447,4.5
2026-06-18 16:39:59,4.408,12.587,34.39,432.867,4.5
2026-06-18 16:39:59,4.408,12.587,34.39,432.867,4.5
2026-06-18 16:39:59,4.472,12.587,33.48,421.413,4.5
2026-06-18 16:40:00,4.472,12.587,33.48,421.413,4.5
2026-06-18 16:40:00,4.472,12.587,33.48,421.413,4.5
2026-06-18 16:40:00,4.488,12.587,33.15,417.259,4.5
2026-06-18 16:40:00,4.488,12.587,33.15,417.259,4.5
2026-06-18 16:40:00,4.48,12.587,32.9,414.112,4.5
2026-06-18 16:40:00,4.48,12.587,32.9,414.112,4.5
2026-06-18 16:40:00,4.48,12.587,32.9,414.112,4.5
2026-06-18 16:40:00,4.464,12.587,32.82,413.105,4.5
2026-06-18 16:40:00,4.464,12.587,32.82,413.105,4.5
2026-06-18 16:40:00,4.447,12.587,32.73,411.973,4.5
2026-06-18 16:40:01,4.447,12.587,32.73,411.973,4.5
2026-06-18 16:40:01,4.447,12.587,32.73,411.973,4.5
2026-06-18 16:40:01,4.432,12.587,32.82,413.105,4.5
2026-06-18 16:40:01,4.432,12.587,32.82,413.105,4.5
2026-06-18 16:40:01,4.42,12.587,32.82,413.105,4.5
2026-06-18 16:40:01,4.42,12.587,32.82,413.105,4.5
2026-06-18 16:40:01,4.42,12.587,32.82,413.105,4.5
2026-06-18 16:40:01,4.412,12.587,32.82,413.105,4.5
2026-06-18 16:40:01,4.412,12.587,32.82,413.105,4.5
2026-06-18 16:40:01,4.408,12.587,32.9,414.112,4.5
2026-06-18 16:40:02,4.408,12.587,32.9,414.112,4.5
2026-06-18 16:40:02,4.408,12.587,32.9,414.112,4.5
2026-06-18 16:40:02,4.409,12.587,32.9,414.112,4.5
2026-06-18 16:40:02,4.409,12.587,32.9,414.112,4.5
2026-06-18 16:40:02,4.41,12.587,32.9,414.112,4.5
2026-06-18 16:40:02,4.41,12.587,32.9,414.112,4.5
2026-06-18 16:40:02,4.41,12.587,32.9,414.112,4.5
2026-06-18 16:40:02,4.41,12.587,32.9,414.112,4.5
2026-06-18 16:40:02,4.41,12.587,32.9,414.112,4.5
2026-06-18 16:40:02,4.411,12.587,32.98,415.119,4.5
2026-06-18 16:40:03,4.411,12.587,32.98,415.119,4.5
2026-06-18 16:40:03,4.411,12.587,32.98,415.119,4.5
2026-06-18 16:40:03,4.417,12.587,32.98,415.119,4.5
2026-06-18 16:40:03,4.417,12.587,32.98,415.119,4.5
2026-06-18 16:40:03,4.423,12.587,32.98,415.119,4.5
2026-06-18 16:40:03,4.423,12.587,32.98,415.119,4.5
2026-06-18 16:40:03,4.423,12.587,32.98,415.119,4.5
2026-06-18 16:40:03,4.428,12.587,33.06,416.126,4.5
2026-06-18 16:40:03,4.428,12.587,33.06,416.126,4.5
2026-06-18 16:40:03,4.432,12.587,32.98,415.119,4.5
2026-06-18 16:40:04,4.432,12.587,32.98,415.119,4.5
2026-06-18 16:40:04,4.432,12.587,32.98,415.119,4.5
2026-06-18 16:40:04,4.436,12.587,32.98,415.119,4.5
2026-06-18 16:40:04,4.436,12.587,32.98,415.119,4.5
2026-06-18 16:40:04,4.439,12.587,32.98,415.119,4.5
2026-06-18 16:40:04,4.439,12.587,32.98,415.119,4.5
2026-06-18 16:40:04,4.439,12.587,32.98,415.119,4.5
2026-06-18 16:40:04,4.44,12.587,32.98,415.119,4.5
2026-06-18 16:40:04,4.44,12.587,32.98,415.119,4.5
2026-06-18 16:40:04,4.44,12.587,32.98,415.119,4.5
2026-06-18 16:40:05,4.44,12.587,32.98,415.119,4.5
2026-06-18 16:40:05,4.44,12.587,32.98,415.119,4.5
2026-06-18 16:40:05,4.439,12.587,32.98,415.119,4.5
2026-06-18 16:40:05,4.439,12.587,32.98,415.119,4.5
2026-06-18 16:40:05,4.438,12.587,32.9,414.112,4.5
2026-06-18 16:40:05,4.438,12.587,32.9,414.112,4.5
2026-06-18 16:40:05,4.438,12.587,32.9,414.112,4.5
2026-06-18 16:40:05,4.434,12.587,32.9,414.112,4.5
2026-06-18 16:40:05,4.434,12.587,32.9,414.112,4.5
2026-06-18 16:40:05,4.43,12.587,32.9,414.112,4.5
2026-06-18 16:40:06,4.43,12.587,32.9,414.112,4.5
2026-06-18 16:40:06,4.43,12.587,32.9,414.112,4.5
2026-06-18 16:40:06,4.428,12.587,32.9,414.112,4.5
2026-06-18 16:40:06,4.428,12.587,32.9,414.112,4.5
2026-06-18 16:40:06,4.425,12.587,32.9,414.112,4.5
2026-06-18 16:40:06,4.425,12.587,32.9,414.112,4.5
2026-06-18 16:40:06,4.421,12.587,32.9,414.112,4.5
2026-06-18 16:40:06,4.421,12.587,32.9,414.112,4.5
2026-06-18 16:40:06,4.421,12.587,32.9,414.112,4.5
2026-06-18 16:40:06,4.417,12.587,32.9,414.112,4.5
2026-06-18 16:40:07,4.417,12.587,32.9,414.112,4.5
2026-06-18 16:40:07,4.417,12.587,32.9,414.112,4.5
2026-06-18 16:40:07,4.417,12.587,32.9,414.112,4.5
2026-06-18 16:40:07,4.417,12.587,32.9,414.112,4.5
2026-06-18 16:40:07,4.417,12.587,32.9,414.112,4.5
2026-06-18 16:40:07,4.417,12.587,32.9,414.112,4.5
2026-06-18 16:40:07,4.416,12.587,32.9,414.112,4.5
2026-06-18 16:40:07,4.416,12.587,32.9,414.112,4.5
2026-06-18 16:40:07,4.416,12.587,32.9,414.112,4.5
2026-06-18 16:40:07,4.416,12.587,32.9,414.112,4.5
2026-06-18 16:40:08,4.416,12.587,32.9,414.112,4.5
2026-06-18 16:40:08,4.418,12.587,32.9,414.112,4.5
2026-06-18 16:40:08,4.418,12.587,32.9,414.112,4.5
2026-06-18 16:40:08,4.418,12.587,32.9,414.112,4.5
2026-06-18 16:40:08,4.419,12.587,32.9,414.112,4.5
2026-06-18 16:40:08,4.419,12.587,32.9,414.112,4.5
2026-06-18 16:40:08,4.42,12.587,32.9,414.112,4.5
2026-06-18 16:40:08,4.42,12.587,32.9,414.112,4.5
2026-06-18 16:40:08,4.42,12.587,32.9,414.112,4.5
2026-06-18 16:40:08,4.421,12.587,32.9,414.112,4.5
2026-06-18 16:40:09,4.421,12.587,32.9,414.112,5.0
2026-06-18 16:40:09,4.434,12.587,32.98,415.119,5.0
2026-06-18 16:40:09,4.434,12.587,32.98,415.119,5.0
2026-06-18 16:40:09,4.434,12.587,32.98,415.119,5.0
2026-06-18 16:40:09,4.704,12.587,36.3,456.908,5.0
2026-06-18 16:40:09,4.704,12.587,36.3,456.908,5.0
2026-06-18 16:40:09,4.88,12.587,35.39,445.454,5.0
2026-06-18 16:40:09,4.88,12.587,35.39,445.454,5.0
2026-06-18 16:40:09,4.88,12.587,35.39,445.454,5.0
2026-06-18 16:40:09,4.961,12.587,34.48,434.0,5.0
2026-06-18 16:40:10,4.961,12.587,34.48,434.0,5.0
2026-06-18 16:40:10,4.987,12.587,33.98,427.706,5.0
2026-06-18 16:40:10,4.987,12.587,33.98,427.706,5.0
2026-06-18 16:40:10,4.987,12.587,33.98,427.706,5.0
2026-06-18 16:40:10,4.984,12.587,33.73,424.56,5.0
2026-06-18 16:40:10,4.984,12.587,33.73,424.56,5.0
2026-06-18 16:40:10,4.971,12.587,33.65,423.553,5.0
2026-06-18 16:40:10,4.971,12.587,33.65,423.553,5.0
2026-06-18 16:40:10,4.971,12.587,33.65,423.553,5.0
2026-06-18 16:40:10,4.955,12.587,33.56,422.42,5.0
2026-06-18 16:40:11,4.955,12.587,33.56,422.42,5.0
2026-06-18 16:40:11,4.94,12.587,33.65,423.553,5.0
2026-06-18 16:40:11,4.94,12.587,33.65,423.553,5.0
2026-06-18 16:40:11,4.94,12.587,33.65,423.553,5.0
2026-06-18 16:40:11,4.931,12.587,33.65,423.553,5.0
2026-06-18 16:40:11,4.931,12.587,33.65,423.553,5.0
2026-06-18 16:40:11,4.925,12.587,33.65,423.553,5.0
2026-06-18 16:40:11,4.925,12.587,33.65,423.553,5.0
2026-06-18 16:40:11,4.925,12.587,33.65,423.553,5.0
2026-06-18 16:40:11,4.918,12.587,33.65,423.553,5.0
2026-06-18 16:40:12,4.918,12.587,33.65,423.553,5.0
2026-06-18 16:40:12,4.914,12.587,33.65,423.553,5.0
2026-06-18 16:40:12,4.914,12.587,33.65,423.553,5.0
2026-06-18 16:40:12,4.914,12.587,33.65,423.553,5.0
2026-06-18 16:40:12,4.911,12.587,33.65,423.553,5.0
2026-06-18 16:40:12,4.911,12.587,33.65,423.553,5.0
2026-06-18 16:40:12,4.911,12.587,33.73,424.56,5.0
2026-06-18 16:40:12,4.911,12.587,33.73,424.56,5.0
2026-06-18 16:40:12,4.911,12.587,33.73,424.56,5.0
2026-06-18 16:40:12,4.912,12.587,33.65,423.553,5.0
2026-06-18 16:40:13,4.912,12.587,33.65,423.553,5.0
2026-06-18 16:40:13,4.911,12.587,33.73,424.56,5.0
2026-06-18 16:40:13,4.911,12.587,33.73,424.56,5.0
2026-06-18 16:40:13,4.911,12.587,33.73,424.56,5.0
2026-06-18 16:40:13,4.914,12.587,33.73,424.56,5.0
2026-06-18 16:40:13,4.914,12.587,33.73,424.56,5.0
2026-06-18 16:40:13,4.92,12.587,33.81,425.566,5.0
2026-06-18 16:40:13,4.92,12.587,33.81,425.566,5.0
2026-06-18 16:40:13,4.92,12.587,33.81,425.566,5.0
2026-06-18 16:40:13,4.924,12.587,33.81,425.566,5.0
2026-06-18 16:40:14,4.924,12.587,33.81,425.566,5.0
2026-06-18 16:40:14,4.929,12.587,33.81,425.566,5.0
2026-06-18 16:40:14,4.929,12.587,33.81,425.566,5.0
2026-06-18 16:40:14,4.929,12.587,33.81,425.566,5.0
2026-06-18 16:40:14,4.932,12.587,33.81,425.566,5.0
2026-06-18 16:40:14,4.932,12.587,33.81,425.566,5.0
2026-06-18 16:40:14,4.935,12.587,33.81,425.566,5.0
2026-06-18 16:40:14,4.935,12.587,33.81,425.566,5.0
2026-06-18 16:40:14,4.935,12.587,33.81,425.566,5.0
2026-06-18 16:40:14,4.936,12.587,33.73,424.56,5.0
2026-06-18 16:40:15,4.936,12.587,33.73,424.56,5.0
2026-06-18 16:40:15,4.934,12.587,33.73,424.56,5.0
2026-06-18 16:40:15,4.934,12.587,33.73,424.56,5.0
2026-06-18 16:40:15,4.934,12.587,33.73,424.56,5.0
2026-06-18 16:40:15,4.933,12.587,33.73,424.56,5.0
2026-06-18 16:40:15,4.933,12.587,33.73,424.56,5.0
2026-06-18 16:40:15,4.933,12.587,33.73,424.56,5.0
2026-06-18 16:40:15,4.933,12.587,33.73,424.56,5.0
2026-06-18 16:40:15,4.933,12.587,33.73,424.56,5.0
2026-06-18 16:40:15,4.931,12.587,33.73,424.56,5.0
2026-06-18 16:40:16,4.931,12.587,33.73,424.56,5.0
2026-06-18 16:40:16,4.929,12.587,33.73,424.56,5.0
2026-06-18 16:40:16,4.929,12.587,33.73,424.56,5.0
2026-06-18 16:40:16,4.929,12.587,33.73,424.56,5.0
2026-06-18 16:40:16,4.928,12.587,33.73,424.56,5.0
2026-06-18 16:40:16,4.928,12.587,33.73,424.56,5.0
2026-06-18 16:40:16,4.929,12.587,33.73,424.56,5.0
2026-06-18 16:40:16,4.929,12.587,33.73,424.56,5.0
2026-06-18 16:40:16,4.929,12.587,33.73,424.56,5.0
2026-06-18 16:40:16,4.928,12.587,33.73,424.56,5.0
2026-06-18 16:40:17,4.928,12.587,33.73,424.56,5.0
2026-06-18 16:40:17,4.927,12.587,33.73,424.56,5.0
2026-06-18 16:40:17,4.927,12.587,33.73,424.56,5.0
2026-06-18 16:40:17,4.927,12.587,33.73,424.56,5.0
2026-06-18 16:40:17,4.924,12.587,33.65,423.553,5.0
2026-06-18 16:40:17,4.924,12.587,33.65,423.553,5.0
2026-06-18 16:40:17,4.92,12.587,33.65,423.553,5.0
2026-06-18 16:40:17,4.92,12.587,33.65,423.553,5.0
2026-06-18 16:40:17,4.92,12.587,33.65,423.553,5.0
2026-06-18 16:40:17,4.915,12.587,33.65,423.553,5.0
2026-06-18 16:40:18,4.915,12.587,33.65,423.553,5.0
2026-06-18 16:40:18,4.911,12.587,33.65,423.553,5.0
2026-06-18 16:40:18,4.911,12.587,33.65,423.553,5.0
2026-06-18 16:40:18,4.911,12.587,33.73,424.56,5.0
2026-06-18 16:40:18,4.911,12.587,33.73,424.56,5.0
2026-06-18 16:40:18,4.911,12.587,33.73,424.56,5.0
2026-06-18 16:40:18,4.916,12.587,33.73,424.56,5.0
2026-06-18 16:40:18,4.916,12.587,33.73,424.56,5.0
2026-06-18 16:40:18,4.922,12.587,33.81,425.566,5.0
2026-06-18 16:40:18,4.922,12.587,33.81,425.566,5.0
